id,disc,sector,symbol,token,cap,O,H,L,C,s5,s4,s3,s2,s1,p,r1,r2,r3,r4,r5
1,Reliance Industries Ltd.,Oil Gas & Consumable Fuels,RELIANCE-EQ,2885,1577069,2383.0,2383.0,2325.0,2334.1,2182.466666666667,2218.1000000000004,2253.7333333333336,2289.366666666667,2311.7333333333336,2347.366666666667,2369.7333333333336,2405.366666666667,2427.7333333333336,2450.1000000000004,2472.466666666667
26,Oil & Natural Gas Corporation Ltd.,Oil Gas & Consumable Fuels,ONGC-EQ,2475,190025,188.9,189.5,186.5,187.45,179.76666666666677,181.45000000000005,183.13333333333338,184.8166666666667,186.13333333333338,187.8166666666667,189.13333333333338,190.8166666666667,192.13333333333338,193.45000000000005,194.76666666666677
35,Coal India Ltd.,Oil Gas & Consumable Fuels,COALINDIA-EQ,20374,131666,291.55,294.15,289.0,290.2,276.86666666666656,279.9,282.9333333333333,285.96666666666664,288.08333333333326,291.1166666666666,293.23333333333323,296.2666666666666,298.3833333333332,300.4999999999999,302.61666666666645
41,Indian Oil Corporation Ltd.,Oil Gas & Consumable Fuels,IOC-EQ,1624,110004,90.8,91.4,89.5,89.8,84.83333333333331,85.99999999999994,87.16666666666666,88.33333333333333,89.06666666666666,90.23333333333333,90.96666666666667,92.13333333333334,92.86666666666667,93.6,94.33333333333331
50,Adani Total Gas Ltd.,Oil Gas & Consumable Fuels,ATGL-EQ,6066,95436,629.8,631.45,621.2,622.15,595.1333333333334,601.6500000000001,608.1666666666667,614.6833333333334,618.4166666666667,624.9333333333334,628.6666666666667,635.1833333333334,638.9166666666667,642.6500000000001,646.3833333333334
62,Bharat Petroleum Corporation Ltd.,Oil Gas & Consumable Fuels,BPCL-EQ,526,74687,347.05,350.0,342.0,343.95,323.26666666666665,327.95000000000005,332.6333333333333,337.31666666666666,340.6333333333333,345.31666666666666,348.6333333333333,353.31666666666666,356.6333333333333,359.95000000000005,363.26666666666665
73,GAIL (India) Ltd.,Oil Gas & Consumable Fuels,GAIL-EQ,4717,69137,121.95,122.7,121.0,121.45,117.0666666666666,118.04999999999995,119.0333333333333,120.01666666666665,120.7333333333333,121.71666666666665,122.43333333333331,123.41666666666666,124.13333333333331,124.84999999999997,125.5666666666666
145,Petronet LNG Ltd.,Oil Gas & Consumable Fuels,PETRONET-EQ,11351,34327,238.5,240.9,234.2,235.35,217.86666666666667,221.95,226.03333333333336,230.11666666666667,232.73333333333338,236.8166666666667,239.4333333333334,243.5166666666667,246.1333333333334,248.7500000000001,251.3666666666668
149,Hindustan Petroleum Corporation Ltd.,Oil Gas & Consumable Fuels,HINDPETRO-EQ,1406,33591,254.0,256.95,249.1,249.7,228.9666666666667,234.0000000000001,239.03333333333336,244.06666666666666,246.88333333333333,251.91666666666666,254.73333333333332,259.76666666666665,262.5833333333333,265.40000000000003,268.2166666666666
155,Gujarat Gas Ltd.,Oil Gas & Consumable Fuels,GUJGASLTD-EQ,10599,31638,421.8,423.6,414.0,414.95,389.6666666666665,395.7499999999998,401.83333333333326,407.91666666666663,411.4333333333333,417.51666666666665,421.0333333333333,427.1166666666667,430.6333333333333,434.15,437.6666666666665
163,Indraprastha Gas Ltd.,Oil Gas & Consumable Fuels,IGL-EQ,11262,30009,454.85,455.65,448.15,449.8,430.35000000000014,434.80000000000007,439.25,443.7,446.75,451.2,454.25,458.7,461.75,464.80000000000007,467.85000000000014
177,Oil India Ltd.,Oil Gas & Consumable Fuels,OIL-EQ,17438,27289,288.8,305.45,288.75,292.25,248.88333333333344,258.85000000000014,268.8166666666667,278.78333333333336,285.5166666666667,295.48333333333335,302.2166666666667,312.18333333333334,318.9166666666667,325.6500000000001,332.38333333333344
261,Gujarat State Petronet Ltd.,Oil Gas & Consumable Fuels,GSPL-EQ,13197,14951,288.9,289.9,281.05,283.0,260.0500000000002,265.3000000000002,270.5500000000001,275.80000000000007,279.4000000000001,284.65000000000003,288.25000000000006,293.5,297.1,300.69999999999993,304.30000000000007
277,Aegis Logistics Ltd.,Oil Gas & Consumable Fuels,AEGISCHEM-EQ,40,13301,326.95,337.8,325.95,332.7,303.35000000000014,309.0,314.65000000000003,320.3,326.50000000000006,332.15000000000003,338.3500000000001,344.00000000000006,350.2000000000001,356.4000000000001,362.60000000000014
306,Castrol India Ltd.,Oil Gas & Consumable Fuels,CASTROLIND-EQ,1250,10974,139.4,139.4,136.05,136.6,127.85000000000008,129.90000000000003,131.95000000000005,134.00000000000003,135.30000000000004,137.35000000000002,138.65000000000003,140.70000000000002,142.00000000000003,143.30000000000007,144.60000000000002
328,Mahanagar Gas Ltd.,Oil Gas & Consumable Fuels,MGL-EQ,17534,9714,1018.0,1023.3,1003.95,1010.65,961.2833333333333,971.9500000000003,982.6166666666668,993.2833333333334,1001.9666666666667,1012.6333333333333,1021.3166666666666,1031.9833333333331,1040.6666666666665,1049.3499999999997,1058.0333333333333
340,Mangalore Refinery & Petrochemicals Ltd.,Oil Gas & Consumable Fuels,MRPL-EQ,2283,9209,93.7,96.3,92.95,93.95,85.34999999999997,87.25,89.14999999999999,91.05,92.49999999999999,94.39999999999999,95.84999999999998,97.74999999999999,99.19999999999997,100.64999999999998,102.09999999999997
3,HDFC Bank Ltd.,Financial Services,HDFCBANK-EQ,1333,898087,1534.0,1537.6,1518.35,1523.7,1474.1500000000005,1485.2000000000003,1496.25,1507.3,1515.5,1526.55,1534.75,1545.8,1554.0,1562.2000000000003,1570.4000000000005
4,ICICI Bank Ltd.,Financial Services,ICICIBANK-EQ,4963,612482,945.5,947.25,934.75,942.6,911.8833333333332,917.5999999999999,923.3166666666666,929.0333333333333,935.8166666666666,941.5333333333333,948.3166666666666,954.0333333333333,960.8166666666666,967.5999999999999,974.3833333333332
8,State Bank of India,Financial Services,SBIN-EQ,3045,467426,591.25,595.2,588.85,589.95,573.3833333333332,577.25,581.1166666666667,584.9833333333333,587.4666666666667,591.3333333333334,593.8166666666667,597.6833333333334,600.1666666666667,602.6499999999999,605.1333333333334
10,Kotak Mahindra Bank Ltd.,Financial Services,KOTAKBANK-EQ,1922,344231,1762.2,1771.9,1729.0,1733.2,1620.1999999999998,1647.3999999999996,1674.6,1701.8,1717.5,1744.7,1760.4,1787.6000000000001,1803.3000000000002,1819.0000000000005,1834.6999999999998
11,Bajaj Finance Ltd.,Financial Services,BAJFINANCE-EQ,317,340054,7804.75,7829.0,7718.05,7739.0,7450.116666666665,7517.0999999999985,7584.083333333333,7651.066666666667,7695.033333333333,7762.016666666666,7805.983333333333,7872.966666666666,7916.9333333333325,7960.899999999998,8004.866666666665
12,Life Insurance Corporation of India,Financial Services,LICI-EQ,9480,337976,646.0,652.0,643.05,650.3,628.8499999999997,632.3999999999999,635.9499999999998,639.4999999999999,644.8999999999999,648.4499999999999,653.8499999999999,657.4,662.8,668.2,673.5999999999999
16,Axis Bank Ltd.,Financial Services,AXISBANK-EQ,5900,264120,1027.0,1037.95,1025.2,1030.9,998.8000000000002,1005.3999999999996,1012.0000000000002,1018.6000000000001,1024.7500000000002,1031.3500000000001,1037.5000000000002,1044.1000000000001,1050.2500000000002,1056.3999999999999,1062.5500000000002
23,Bajaj Finserv Ltd.,Financial Services,BAJAJFINSV-EQ,16675,201730,1565.0,1574.95,1535.05,1539.7,1434.8499999999995,1459.8999999999996,1484.9499999999996,1509.9999999999998,1524.8499999999997,1549.8999999999999,1564.7499999999998,1589.8,1604.6499999999999,1619.5,1634.3499999999995
40,SBI Life Insurance Company Ltd.,Financial Services,SBILIFE-EQ,21808,110206,1301.0,1308.5,1284.5,1289.4,1227.0333333333338,1241.4000000000005,1255.7666666666669,1270.1333333333334,1279.7666666666669,1294.1333333333334,1303.7666666666669,1318.1333333333334,1327.7666666666669,1337.4000000000005,1347.0333333333338
45,HDFC Life Insurance Company Ltd.,Financial Services,HDFCLIFE-EQ,467,107296,645.2,650.65,633.35,634.7,589.0166666666669,600.1000000000004,611.1833333333335,622.2666666666668,628.4833333333335,639.5666666666667,645.7833333333334,656.8666666666667,663.0833333333334,669.3000000000002,675.5166666666669
57,Bank of Baroda,Financial Services,BANKBARODA-EQ,4668,87318,214.85,216.5,209.75,210.65,192.94999999999993,197.14999999999998,201.34999999999997,205.54999999999998,208.09999999999997,212.29999999999998,214.84999999999997,219.04999999999998,221.59999999999997,224.14999999999998,226.69999999999993
58,IndusInd Bank Ltd.,Financial Services,INDUSINDBK-EQ,5258,82857,1437.0,1445.35,1409.45,1413.0,1318.4500000000007,1341.2000000000007,1363.9500000000005,1386.7000000000003,1399.8500000000004,1422.6000000000001,1435.7500000000002,1458.5,1471.65,1484.7999999999997,1497.9499999999998
72,SBI Cards and Payment Services Ltd.,Financial Services,SBICARD-EQ,17971,70028,793.05,795.35,780.1,782.3,742.3666666666663,751.7999999999997,761.2333333333332,770.6666666666666,776.4833333333332,785.9166666666666,791.7333333333332,801.1666666666666,806.9833333333332,812.7999999999997,818.6166666666663
74,Bajaj Holdings & Investment Ltd.,Financial Services,BAJAJHLDNG-EQ,305,65886,7276.0,7339.95,7020.0,7058.65,6218.333333333332,6418.75,6619.166666666666,6819.583333333333,6939.116666666666,7139.533333333333,7259.066666666666,7459.483333333333,7579.0166666666655,7698.549999999999,7818.083333333332
76,ICICI Prudential Life Insurance Company Ltd.,Financial Services,ICICIPRULI-EQ,18652,62678,579.75,581.5,563.3,566.1,518.5000000000002,529.7,540.9000000000001,552.1,559.1000000000001,570.3000000000001,577.3000000000002,588.5000000000001,595.5000000000002,602.5000000000002,609.5000000000005
77,Cholamandalam Investment and Finance Company Ltd.,Financial Services,CHOLAFIN-EQ,685,62581,1201.0,1249.45,1200.0,1219.8,1094.5333333333328,1120.8999999999996,1147.2666666666664,1173.6333333333332,1196.7166666666665,1223.0833333333333,1246.1666666666665,1272.5333333333333,1295.6166666666666,1318.6999999999998,1341.7833333333328
87,ICICI Lombard General Insurance Company Ltd.,Financial Services,ICICIGI-EQ,21770,52525,1280.0,1290.75,1266.0,1274.25,1211.0,1224.75,1238.5,1252.25,1263.25,1277.0,1288.0,1301.75,1312.75,1323.75,1334.75
89,Canara Bank,Financial Services,CANBK-EQ,10794,51602,375.95,383.35,373.35,374.55,348.2833333333331,354.54999999999984,360.8166666666666,367.0833333333333,370.8166666666666,377.0833333333333,380.8166666666666,387.0833333333333,390.8166666666666,394.54999999999984,398.2833333333331
90,Punjab National Bank,Financial Services,PNB-EQ,10666,51311,81.65,82.65,79.2,79.65,70.60000000000002,72.75000000000006,74.90000000000002,77.05000000000001,78.35000000000002,80.50000000000001,81.80000000000003,83.95000000000002,85.25000000000003,86.55000000000004,87.85000000000005
95,IDBI Bank Ltd.,Financial Services,IDBI-EQ,1476,48385,71.9,72.65,69.7,70.05,62.30000000000001,64.15000000000003,66.00000000000001,67.85000000000001,68.95000000000002,70.80000000000001,71.90000000000002,73.75000000000001,74.85000000000002,75.95000000000002,77.05000000000004
98,Shriram Finance Ltd.,Financial Services,SHRIRAMFIN-EQ,4306,47155,1909.3,1912.4,1856.35,1871.45,1727.0166666666664,1759.349999999999,1791.683333333333,1824.0166666666664,1847.7333333333331,1880.0666666666666,1903.7833333333333,1936.1166666666668,1959.8333333333335,1983.5500000000006,2007.2666666666664
104,Union Bank of India,Financial Services,UNIONBANK-EQ,10753,45485,102.8,104.95,101.5,102.5,93.63333333333333,95.59999999999997,97.56666666666666,99.53333333333333,101.01666666666667,102.98333333333333,104.46666666666667,106.43333333333334,107.91666666666667,109.39999999999998,110.88333333333333
111,Yes Bank Ltd.,Financial Services,YESBANK-EQ,11915,43275,17.4,17.7,17.2,17.25,15.933333333333337,16.250000000000007,16.566666666666666,16.883333333333333,17.066666666666666,17.383333333333333,17.566666666666666,17.883333333333333,18.066666666666666,18.250000000000007,18.433333333333337
114,Indian Overseas Bank,Financial Services,IOB-EQ,9348,42435,45.35,48.6,45.2,46.35,37.666666666666686,39.55,41.43333333333334,43.31666666666667,44.833333333333336,46.71666666666667,48.233333333333334,50.11666666666667,51.63333333333333,53.14999999999998,54.66666666666666
120,One 97 Communications Ltd.,Financial Services,PAYTM-EQ,6705,40359,853.2,858.0,847.2,854.4,827.9999999999995,832.8,837.5999999999999,842.4,848.3999999999999,853.1999999999999,859.1999999999998,863.9999999999999,869.9999999999998,875.9999999999995,881.9999999999995
121,Power Finance Corporation Ltd.,Financial Services,PFC-EQ,14299,40063,249.75,250.35,243.45,244.9,226.98333333333323,231.09999999999997,235.21666666666664,239.33333333333331,242.11666666666665,246.23333333333332,249.01666666666665,253.13333333333333,255.91666666666666,258.70000000000005,261.48333333333335
123,Muthoot Finance Ltd.,Financial Services,MUTHOOTFIN-EQ,23650,39339,1264.95,1264.95,1206.35,1214.75,1061.2833333333333,1097.5499999999997,1133.8166666666666,1170.0833333333333,1192.4166666666667,1228.6833333333334,1251.0166666666669,1287.2833333333335,1309.616666666667,1331.9500000000007,1354.2833333333338
124,AU Small Finance Bank Ltd.,Financial Services,AUBANK-EQ,21238,38614,745.75,747.25,716.6,720.4,639.9333333333334,659.0999999999999,678.2666666666668,697.4333333333334,708.9166666666667,728.0833333333334,739.5666666666667,758.7333333333333,770.2166666666667,781.6999999999998,793.1833333333334
128,Aditya Birla Capital Ltd.,Financial Services,ABCAPITAL-EQ,21614,37128,180.5,180.55,175.2,175.95,161.9333333333334,165.24999999999994,168.56666666666666,171.88333333333333,173.91666666666669,177.23333333333335,179.2666666666667,182.58333333333337,184.61666666666673,186.65000000000015,188.6833333333334
131,HDFC Asset Management Company Ltd.,Financial Services,HDFCAMC-EQ,4244,36449,2670.2,2682.0,2562.65,2578.65,2265.7166666666653,2339.949999999999,2414.183333333333,2488.4166666666665,2533.533333333333,2607.7666666666664,2652.8833333333328,2727.1166666666663,2772.2333333333327,2817.3499999999985,2862.4666666666653
132,Indian Bank,Financial Services,INDIANB-EQ,14309,35937,431.8,444.0,404.3,413.9,311.2333333333331,334.4999999999998,357.7666666666666,381.0333333333333,397.4666666666666,420.7333333333333,437.1666666666666,460.4333333333333,476.86666666666656,493.2999999999997,509.7333333333331
142,Indian Railway Finance Corporation Ltd.,Financial Services,IRFC-EQ,2029,34762,76.0,76.3,74.5,74.85,70.16666666666669,71.25000000000003,72.33333333333334,73.41666666666667,74.13333333333334,75.21666666666667,75.93333333333334,77.01666666666667,77.73333333333333,78.45000000000002,79.16666666666669
144,IDFC First Bank Ltd.,Financial Services,IDFCFIRSTB-EQ,11184,34350,97.65,98.4,93.65,94.55,82.18333333333334,85.04999999999998,87.91666666666669,90.78333333333335,92.66666666666669,95.53333333333335,97.41666666666669,100.28333333333335,102.16666666666669,104.04999999999998,105.93333333333334
156,Bandhan Bank Ltd.,Financial Services,BANDHANBNK-EQ,2263,31532,256.85,259.25,247.25,249.35,218.05000000000007,225.35000000000002,232.65000000000003,239.95000000000002,244.65000000000003,251.95000000000002,256.65000000000003,263.95000000000005,268.65000000000003,273.35,278.05000000000007
159,Bank of India,Financial Services,BANKINDIA-EQ,4745,30633,108.8,110.95,103.1,105.05,84.76666666666665,89.35,93.93333333333334,98.51666666666667,101.78333333333335,106.36666666666667,109.63333333333335,114.21666666666668,117.48333333333336,120.75000000000006,124.01666666666671
160,REC Ltd.,Financial Services,RECLTD-EQ,15355,30400,284.2,286.0,279.6,281.3,264.80000000000007,268.5000000000001,272.20000000000005,275.90000000000003,278.6,282.3,285.0,288.7,291.4,294.1,296.79999999999995
162,Star Health and Allied Insurance Company Ltd.,Financial Services,STARHEALTH-EQ,7083,30148,616.45,616.5,597.0,603.35,553.4666666666667,564.3499999999999,575.2333333333333,586.1166666666667,594.7333333333333,605.6166666666667,614.2333333333333,625.1166666666667,633.7333333333333,642.3499999999999,650.9666666666667
165,UCO Bank,Financial Services,UCOBANK-EQ,11223,29052,43.25,45.4,42.6,43.0,35.66666666666666,37.400000000000006,39.13333333333333,40.86666666666667,41.93333333333333,43.666666666666664,44.73333333333333,46.46666666666666,47.533333333333324,48.599999999999994,49.66666666666666
167,PB Fintech Ltd.,Financial Services,POLICYBZR-EQ,6656,28757,744.1,770.15,743.0,760.0,693.2666666666669,705.7000000000003,718.1333333333334,730.5666666666667,745.2833333333334,757.7166666666667,772.4333333333334,784.8666666666667,799.5833333333334,814.3000000000002,829.0166666666669
169,Mahindra & Mahindra Financial Services Ltd.,Financial Services,M&MFIN-EQ,13285,28621,298.5,302.25,290.5,291.9,261.0333333333333,268.4,275.76666666666665,283.1333333333333,287.51666666666665,294.8833333333333,299.26666666666665,306.6333333333333,311.01666666666665,315.4,319.7833333333333
172,Federal Bank Ltd.,Financial Services,FEDERALBNK-EQ,1023,28010,150.9,151.4,145.25,146.0,129.8499999999999,133.69999999999993,137.54999999999995,141.39999999999998,143.69999999999996,147.54999999999998,149.84999999999997,153.7,155.99999999999997,158.29999999999995,160.5999999999999
181,Sundaram Finance Ltd.,Financial Services,SUNDARMFIN-EQ,3339,25548,3183.05,3183.05,3035.6,3061.5,2676.9333333333325,2766.5999999999985,2856.266666666666,2945.933333333333,3003.7166666666662,3093.383333333333,3151.1666666666665,3240.8333333333335,3298.616666666667,3356.4000000000005,3414.1833333333343
194,CRISIL Ltd.,Financial Services,CRISIL-EQ,757,23520,3860.0,3919.0,3837.9,3895.7,3698.699999999997,3733.499999999998,3768.299999999999,3803.0999999999995,3849.3999999999987,3884.1999999999994,3930.4999999999986,3965.2999999999993,4011.5999999999985,4057.899999999998,4104.199999999997
195,General Insurance Corporation of India,Financial Services,GICRE-EQ,277,23447,224.95,228.95,222.75,223.35,207.01666666666665,210.95000000000005,214.88333333333333,218.81666666666666,221.08333333333331,225.01666666666665,227.2833333333333,231.21666666666664,233.4833333333333,235.74999999999994,238.01666666666665
199,Poonawalla Fincorp Ltd.,Financial Services,POONAWALLA-EQ,11403,22462,380.05,381.05,374.5,375.35,358.16666666666674,362.25,366.33333333333337,370.4166666666667,372.8833333333334,376.9666666666667,379.4333333333334,383.5166666666667,385.9833333333334,388.45000000000005,390.91666666666674
201,Max Financial Services Ltd.,Financial Services,MFSL-EQ,2142,21914,923.8,927.5,900.0,906.25,835.0,851.25,867.5,883.75,895.0,911.25,922.5,938.75,950.0,961.25,972.5
209,Central Bank of India,Financial Services,CENTRALBK-EQ,14894,20921,50.6,54.0,49.7,50.3,39.03333333333333,41.7,44.366666666666674,47.03333333333334,48.66666666666667,51.333333333333336,52.96666666666667,55.63333333333333,57.266666666666666,58.89999999999998,60.53333333333333
218,L&T Finance Holdings Ltd.,Financial Services,L&TFH-EQ,24948,20345,126.5,129.2,126.2,126.65,118.79999999999995,120.64999999999998,122.49999999999997,124.35,125.49999999999997,127.34999999999998,128.49999999999994,130.34999999999997,131.49999999999994,132.64999999999992,133.7999999999999
228,IIFL Finance Ltd.,Financial Services,IIFL-EQ,11809,18559,588.5,604.9,586.65,593.9,547.6500000000001,557.4000000000001,567.15,576.9,585.4,595.15,603.65,613.4,621.9,630.4000000000001,638.9000000000001
231,LIC Housing Finance Ltd.,Financial Services,LICHSGFIN-EQ,1997,18083,467.05,469.8,456.75,458.35,424.0833333333335,432.25,440.41666666666674,448.58333333333337,453.46666666666675,461.6333333333334,466.51666666666677,474.6833333333334,479.5666666666668,484.45000000000005,489.3333333333335
241,Bank of Maharashtra,Financial Services,MAHABANK-EQ,11377,16657,47.4,49.4,46.6,47.0,39.66666666666666,41.400000000000006,43.13333333333333,44.86666666666667,45.93333333333333,47.666666666666664,48.73333333333333,50.46666666666666,51.533333333333324,52.599999999999994,53.66666666666666
243,Piramal Enterprises Ltd.,Financial Services,PEL-EQ,2412,16189,1049.9,1049.95,1011.75,1015.25,914.5499999999993,938.8499999999995,963.1499999999996,987.4499999999998,1001.3499999999997,1025.6499999999999,1039.5499999999997,1063.85,1077.7499999999998,1091.6499999999999,1105.5499999999993
245,The New India Assurance Company Ltd.,Financial Services,NIACL-EQ,399,16035,139.1,143.45,136.25,140.6,122.85000000000002,126.19999999999999,129.55,132.9,136.75,140.1,143.95,147.29999999999998,151.14999999999998,154.99999999999994,158.84999999999997
251,Five-Star Business Finance Ltd.,Financial Services,FIVESTAR-EQ,12032,15751,695.0,713.5,695.0,707.45,662.2666666666664,670.4499999999998,678.6333333333332,686.8166666666666,697.1333333333332,705.3166666666666,715.6333333333332,723.8166666666666,734.1333333333332,744.4499999999998,754.7666666666664
254,360 ONE WAM Ltd.,Financial Services,360ONE-EQ,13061,15336,520.0,521.85,508.95,510.5,476.61666666666656,484.6999999999998,492.7833333333333,500.8666666666666,505.6833333333333,513.7666666666667,518.5833333333333,526.6666666666667,531.4833333333333,536.3000000000001,541.1166666666668
266,CreditAccess Grameen Ltd.,Financial Services,CREDITACC-EQ,4421,14296,1324.95,1336.2,1291.1,1299.75,1182.3666666666663,1209.5499999999997,1236.7333333333331,1263.9166666666665,1281.8333333333333,1309.0166666666667,1326.9333333333334,1354.1166666666668,1372.0333333333335,1389.9500000000007,1407.8666666666668
272,ICICI Securities Ltd.,Financial Services,ISEC-EQ,2489,13820,614.85,623.7,612.8,620.7,594.2666666666667,598.9000000000001,603.5333333333333,608.1666666666666,614.4333333333334,619.0666666666667,625.3333333333335,629.9666666666668,636.2333333333336,642.5000000000005,648.7666666666671
273,Capri Global Capital Ltd.,Financial Services,CGCL-EQ,20329,13629,788.05,801.85,765.0,778.3,684.4666666666662,704.5999999999995,724.7333333333331,744.8666666666666,761.5833333333331,781.7166666666666,798.4333333333332,818.5666666666666,835.2833333333332,851.9999999999995,868.7166666666662
284,Nippon Life India Asset Management Ltd.,Financial Services,NAM-INDIA-EQ,357,13089,331.5,336.4,327.85,332.95,311.85000000000025,315.85000000000014,319.85000000000014,323.8500000000001,328.4000000000001,332.40000000000003,336.95000000000005,340.95,345.5,350.04999999999995,354.6
287,Aavas Financiers Ltd.,Financial Services,AAVAS-EQ,5385,12734,1710.0,1774.9,1700.0,1714.55,1519.666666666666,1564.749999999999,1609.833333333333,1654.9166666666665,1684.7333333333331,1729.8166666666666,1759.6333333333332,1804.7166666666667,1834.5333333333333,1864.35,1894.166666666666
288,IDFC Ltd.,Financial Services,IDFC-EQ,11957,12567,131.25,137.0,126.75,127.15,99.94999999999993,106.64999999999998,113.34999999999997,120.04999999999998,123.59999999999997,130.29999999999998,133.84999999999997,140.54999999999998,144.09999999999997,147.64999999999998,151.19999999999993
291,Aptus Value Housing Finance India Ltd.,Financial Services,APTUS-EQ,5435,12097,293.8,298.05,289.15,291.05,267.94999999999993,273.2499999999999,278.54999999999995,283.84999999999997,287.45,292.75,296.35,301.65000000000003,305.25000000000006,308.85000000000014,312.45000000000005
299,Indian Energy Exchange Ltd.,Financial Services,IEX-EQ,220,11409,132.6,134.85,130.65,131.05,119.98333333333335,122.65000000000003,125.31666666666669,127.98333333333335,129.51666666666668,132.18333333333334,133.71666666666667,136.38333333333333,137.91666666666666,139.45,140.98333333333335
315,Manappuram Finance Ltd.,Financial Services,MANAPPURAM-EQ,19061,10469,149.0,150.9,147.5,148.45,139.69999999999993,141.64999999999992,143.59999999999997,145.54999999999998,146.99999999999997,148.95,150.39999999999998,152.35,153.79999999999998,155.24999999999994,156.69999999999993
319,Cholamandalam Financial Holdings Ltd.,Financial Services,CHOLAHLDNG-EQ,21740,10227,1143.0,1174.0,1142.2,1150.1,1067.9333333333325,1086.499999999999,1105.0666666666664,1123.6333333333332,1136.8666666666663,1155.4333333333332,1168.6666666666663,1187.2333333333331,1200.4666666666662,1213.699999999999,1226.9333333333325
322,Computer Age Management Services Ltd.,Financial Services,CAMS-EQ,342,9950,2465.0,2477.8,2424.0,2438.15,2299.3999999999996,2330.55,2361.7,2392.85,2415.5,2446.65,2469.3,2500.4500000000003,2523.1000000000004,2545.750000000001,2568.4000000000005
330,Angel One Ltd.,Financial Services,ANGELONE-EQ,324,9700,1947.0,1951.85,1866.4,1874.35,1649.1333333333341,1703.4500000000012,1757.7666666666673,1812.0833333333337,1843.2166666666672,1897.5333333333335,1928.666666666667,1982.9833333333333,2014.1166666666668,2045.2499999999995,2076.383333333334
334,Central Depository Services (India) Ltd.,Financial Services,CDSL-EQ,21174,9496,1358.7,1375.8,1325.0,1333.1,1200.333333333334,1231.500000000001,1262.666666666667,1293.8333333333335,1313.466666666667,1344.6333333333334,1364.2666666666669,1395.4333333333334,1415.0666666666668,1434.7000000000007,1454.333333333334
337,City Union Bank Ltd.,Financial Services,CUB-EQ,5701,9318,129.4,129.85,125.0,125.4,112.60000000000002,115.70000000000005,118.80000000000001,121.9,123.65,126.75,128.5,131.6,133.35,135.1,136.85000000000002
344,Multi Commodity Exchange of India Ltd.,Financial Services,MCX-EQ,31181,9079,1971.0,2114.4,1940.0,2096.55,1683.6666666666679,1747.75,1811.833333333334,1875.916666666667,1986.233333333334,2050.316666666667,2160.633333333334,2224.716666666667,2335.033333333334,2445.350000000001,2555.666666666668
346,Motilal Oswal Financial Services Ltd.,Financial Services,MOTILALOFS-EQ,14947,9029,887.7,891.5,866.4,875.95,812.2000000000007,825.7500000000005,839.3000000000003,852.8500000000001,864.4000000000003,877.9500000000002,889.5000000000003,903.0500000000002,914.6000000000004,926.1500000000005,937.7000000000007
348,Tata Investment Corporation Ltd.,Financial Services,TATAINVEST-EQ,1621,8827,3333.9,3521.0,3275.0,3440.6,2839.800000000001,2948.6000000000004,3057.4000000000005,3166.2000000000003,3303.4000000000005,3412.2000000000003,3549.4000000000005,3658.2000000000003,3795.4000000000005,3932.6000000000004,4069.800000000001
349,PNB Housing Finance Ltd.,Financial Services,PNBHOUSING-EQ,18908,8663,667.0,685.0,655.1,680.1,608.6999999999998,620.2999999999997,631.9,643.5,661.8,673.4,691.6999999999999,703.3,721.5999999999999,739.8999999999996,758.1999999999998
350,Housing & Urban Development Corporation Ltd.,Financial Services,HUDCO-EQ,20825,8658,87.0,89.0,85.55,86.55,77.6833333333334,79.65000000000003,81.61666666666669,83.58333333333334,85.06666666666669,87.03333333333335,88.5166666666667,90.48333333333335,91.9666666666667,93.45000000000005,94.9333333333334
355,RBL Bank Ltd.,Financial Services,RBLBANK-EQ,18391,8459,247.6,248.85,240.5,241.35,219.3666666666668,224.6500000000001,229.9333333333334,235.2166666666667,238.2833333333334,243.5666666666667,246.63333333333338,251.91666666666669,254.98333333333338,258.05000000000007,261.1166666666668
357,Karur Vysya Bank Ltd.,Financial Services,KARURVYSYA-EQ,1838,8370,135.85,136.8,127.5,132.85,109.83333333333326,114.24999999999994,118.66666666666663,123.08333333333331,127.96666666666664,132.38333333333333,137.26666666666665,141.68333333333334,146.56666666666666,151.45,156.33333333333331
363,UTI Asset Management Company Ltd.,Financial Services,UTIAMC-EQ,527,8151,797.4,798.7,785.0,789.2,754.0666666666666,761.7999999999997,769.5333333333333,777.2666666666667,783.2333333333333,790.9666666666667,796.9333333333334,804.6666666666667,810.6333333333334,816.6000000000001,822.5666666666666
379,Equitas Small Finance Bank Ltd.,Financial Services,EQUITASBNK-EQ,913,7451,89.75,90.6,89.05,89.6,85.65000000000003,86.50000000000006,87.35000000000001,88.2,88.9,89.75,90.45,91.3,92.0,92.70000000000002,93.39999999999998
389,Can Fin Homes Ltd.,Financial Services,CANFINHOME-EQ,583,7046,773.95,773.95,745.65,748.2,673.5833333333335,691.5999999999999,709.6166666666667,727.6333333333333,737.9166666666667,755.9333333333334,766.2166666666668,784.2333333333335,794.5166666666669,804.8000000000004,815.0833333333339
401,Home First Finance Company India Ltd.,Financial Services,HOMEFIRST-EQ,2056,6535,828.0,844.85,816.0,820.55,745.1333333333328,762.8499999999995,780.5666666666664,798.2833333333332,809.4166666666664,827.1333333333332,838.2666666666664,855.9833333333332,867.1166666666664,878.2499999999995,889.3833333333328
403,Tamilnad Mercantile Bank Ltd.,Financial Services,TMB-EQ,10945,6454,542.8,547.65,537.55,540.5,514.55,520.3,526.05,531.8,536.15,541.9,546.25,552.0,556.35,560.6999999999998,565.0500000000002
422,BSE Ltd.,Financial Services,BSE-EQ,19585,5837,1313.0,1360.0,1278.05,1294.9,1081.9833333333336,1131.0,1180.0166666666667,1229.0333333333333,1261.9666666666667,1310.9833333333333,1343.9166666666667,1392.9333333333334,1425.8666666666668,1458.8000000000002,1491.7333333333336
428,JM Financial Ltd.,Financial Services,JMFINANCIL-EQ,13637,5690,87.35,87.45,84.65,84.9,77.51666666666671,79.29999999999998,81.08333333333334,82.86666666666667,83.88333333333334,85.66666666666667,86.68333333333334,88.46666666666667,89.48333333333333,90.5,91.51666666666665
461,Kfin Technologies Ltd.,Financial Services,KFINTECH-EQ,13359,4742,465.8,474.25,458.25,469.45,430.51666666666665,437.45000000000005,444.3833333333333,451.31666666666666,460.3833333333333,467.31666666666666,476.3833333333333,483.31666666666666,492.3833333333333,501.45000000000005,510.51666666666665
465,Indiabulls Housing Finance Ltd.,Financial Services,IBULHSGFIN-EQ,30125,4590,188.45,190.6,180.5,184.9,159.4333333333334,164.70000000000005,169.9666666666667,175.23333333333335,180.0666666666667,185.33333333333334,190.16666666666669,195.43333333333334,200.26666666666668,205.10000000000002,209.9333333333334
474,CSB Bank Ltd.,Financial Services,CSBBANK-EQ,14966,4252,330.0,346.7,330.0,340.65,299.66666666666674,307.2500000000001,314.83333333333337,322.4166666666667,331.53333333333336,339.1166666666667,348.23333333333335,355.81666666666666,364.93333333333334,374.05000000000007,383.16666666666674
484,Infibeam Avenues Ltd.,Financial Services,INFIBEAM-EQ,16249,3789,18.0,18.35,17.5,17.6,15.36666666666666,15.899999999999999,16.43333333333333,16.966666666666665,17.28333333333333,17.816666666666666,18.133333333333333,18.666666666666668,18.983333333333334,19.300000000000004,19.616666666666667
