id,O,H,L,C,V,alarmTimer,refT,srT,srV,nSR,GL
1,2302.5,2303.0,2299.0,2318.299,28783,1800,1699818007.7126243,R,2318.3,2318.3,0.5268087505149226
2,3356.4,3359.1,3356.0,3472.0,2181,1800,1699818007.7066412,R,3471.0333333333333,3471.0333333333333,0.4731381939721878
3,1464.75,1466.1,1464.75,1466.1,29163,0,0.0,None,0.0,1468.8499999999995,-3.2245288623387
4,909.6,909.6,909.05,909.25,5840,0,0.0,None,0.0,907.0,-2.8319529788939355
5,2464.05,2464.6,2463.0,2463.3,2510,0,0.0,None,0.0,2477.3999999999996,-3.327969859895598
6,2302.5,2303.0,2299.0,2300.2,28783,0,0.0,None,0.0,1467.7833333333328,60.443622920517534
7,430.45,430.65,430.45,430.45,162936,0,0.0,None,0.0,430.1166666666668,-4.429396092362342
8,558.15,558.5,558.0,558.0,14261,0,0.0,None,0.0,557.2,-2.310924369747907
9,911.5,911.7,911.25,911.25,2369,0,0.0,None,0.0,916.9500000000007,-3.361790126729948
10,1691.1,1692.2,1691.0,1692.1,1211,1800,1699818007.742545,S,1691.9333333333334,1691.9333333333334,-2.6661681382841116
11,7410.15,7412.0,7407.35,7411.75,1441,0,0.0,None,0.0,7366.399999999998,-5.481059229361544
12,605.1,605.1,604.8,605.0,1134,0,0.0,None,0.0,613.0,-4.679376083188915
13,989.4,989.4,988.55,988.6,9895,0,0.0,None,0.0,0.0,-67.63357778941855
14,1262.0,1262.9,1261.5,1262.0,6692,0,0.0,None,0.0,1263.25,-0.42214068726081266
15,2950.0,2950.0,2947.1,2948.55,1323,0,0.0,None,0.0,3017.5666666666657,-4.940679605390418
16,989.4,989.4,988.55,988.6,9895,0,0.0,None,0.0,990.0333333333333,-0.2824288884405845
17,10407.15,10407.15,10383.3,10384.25,5407,0,0.0,None,0.0,10532.400000000001,-3.5969252764187707
18,1108.0,1108.5,1107.6,1107.6,960,0,0.0,None,0.0,1111.5,-2.969776609724055
19,3080.65,3085.0,3080.65,3083.6,2248,0,0.0,None,0.0,3134.666666666668,-6.120895681427251
20,3641.7,3643.0,3639.5,3641.4,388,0,0.0,None,0.0,3658.4500000000007,-3.330368875851171
21,23933.35,23965.0,23933.35,23965.0,111,0,0.0,None,0.0,9431.133333333331,181.3272211820087
22,23933.35,23965.0,23933.35,23965.0,111,0,0.0,None,0.0,23819.95,-0.6934674824457566
23,1542.35,1542.6,1541.0,1541.0,3380,0,0.0,None,0.0,1543.65,-5.73482183820156
24,381.25,381.35,380.8,381.1,32006,0,0.0,None,0.0,382.0000000000001,-3.5922084492790254
25,2258.85,2259.85,2257.8,2258.95,3483,0,0.0,None,0.0,2323.0166666666673,-5.963283656648073
26,185.85,185.95,185.8,185.85,12376,0,0.0,None,0.0,186.0,-0.2415458937198159
27,233.65,233.8,233.65,233.7,15084,0,0.0,None,0.0,232.89999999999986,-2.4217118997912364
28,730.75,731.5,730.1,730.55,6188,0,0.0,None,0.0,748.0833333333335,-6.393747197129872
29,2258.85,2259.85,2257.8,2258.95,3483,0,0.0,None,0.0,219.13333333333344,997.643343051506
30,233.65,233.8,233.65,233.7,15084,0,0.0,None,0.0,0.0,-85.11038195661177
31,5111.25,5116.75,5109.3,5112.05,405,0,0.0,None,0.0,5099.266666666666,-6.334970134486423
32,784.0,784.55,783.75,783.9,1956,0,0.0,None,0.0,704.1666666666667,17.209928229665074
33,312.9,312.9,312.65,312.65,16163,0,0.0,None,0.0,0.0,-66.48981779206859
34,784.0,784.55,783.75,783.9,1956,0,0.0,None,0.0,782.6833333333334,-1.1288389985495422
35,312.9,312.9,312.65,312.65,16163,0,0.0,None,0.0,313.1166666666666,-0.6829733163913704
36,119.3,119.4,119.25,119.25,29448,0,0.0,None,0.0,120.81666666666672,-5.357142857142857
37,292.3,292.6,292.3,292.6,290,0,0.0,None,0.0,302.5333333333333,-6.933842239185736
38,2303.7,2303.7,2301.95,2302.9,399,1800,1699818007.879179,S,2302.95,2302.95,-3.0296650314756643
39,3413.55,3413.55,3410.7,3411.45,156,0,0.0,None,0.0,3409.5499999999997,-1.509924215084812
40,1317.65,1318.0,1316.9,1318.0,1250,1800,1699818007.9071057,S,1318.15,1318.15,-2.236398026925794
41,87.05,87.1,87.0,87.05,158334,0,0.0,None,0.0,88.69999999999999,-3.9713182570325514
42,5305.8,5306.7,5301.9,5305.4,280,0,0.0,None,0.0,5320.0666666666675,-3.2320431911866767
43,1836.7,1836.7,1832.3,1832.3,1845,0,0.0,None,0.0,1855.5333333333328,-7.258186971706235
44,1132.65,1133.85,1132.45,1133.85,5891,0,0.0,None,0.0,1136.8500000000004,-3.2674998933583743
45,601.8,602.6,601.75,602.4,5703,0,0.0,None,0.0,602.0166666666669,-5.7276995305164355
46,4458.95,4459.6,4454.25,4456.5,673,0,0.0,None,0.0,4471.233333333337,-3.1711371117556917
47,214.8,215.0,214.7,214.85,6582,0,0.0,None,0.0,215.5000000000001,-5.41492405899186
48,980.75,980.75,979.7,980.0,937,0,0.0,None,0.0,975.2333333333333,-0.3963817461124075
49,523.2,523.35,522.5,522.7,1969,0,0.0,None,0.0,521.3166666666667,-0.5612099305621482
50,559.85,560.25,559.65,559.65,1930,0,0.0,None,0.0,572.5999999999999,-5.456541937663665
51,25423.0,25423.0,25400.55,25400.55,2,0,0.0,None,0.0,25380.066666666666,-3.3096688237533334
52,754.65,755.55,753.8,755.55,1050,0,0.0,None,0.0,754.6666666666666,-0.5069791941006088
53,1841.0,1842.5,1841.0,1841.55,1254,0,0.0,None,0.0,1904.7666666666673,-5.7500383847689305
54,454.25,454.9,454.0,454.8,18107,0,0.0,None,0.0,452.9333333333334,-5.240129180122924
55,533.6,533.6,531.85,532.0,27743,0,0.0,None,0.0,852.2500000000005,-43.077252300449395
56,533.6,533.6,531.85,532.0,27743,0,0.0,None,0.0,533.7833333333331,-5.016961256918411
57,195.2,195.2,194.9,194.9,28734,0,0.0,None,0.0,195.55,-4.9963441384352905
58,1430.55,1430.8,1429.75,1429.95,3032,0,0.0,None,0.0,1427.366666666667,-1.406557037956346
59,3369.55,3371.15,3368.85,3369.0,237,0,0.0,None,0.0,3353.8999999999996,-3.775848280589507
60,533.6,533.6,531.85,532.0,27743,0,0.0,None,0.0,0.0,-90.55213198600579
61,3398.65,3400.3,3396.6,3400.0,1286,0,0.0,None,0.0,3499.9000000000015,-6.535633289808261
62,340.2,340.4,340.1,340.3,18722,0,0.0,None,0.0,340.8166666666666,-3.7885213457732476
63,1252.5,1252.5,1251.4,1252.0,1444,0,0.0,None,0.0,1245.3000000000002,-8.123578190357382
64,348.35,348.6,347.8,348.15,27300,0,0.0,None,0.0,350.4333333333334,1.0741762229641425
65,2454.2,2455.45,2451.0,2452.2,1615,0,0.0,None,0.0,2439.9000000000005,-2.9792284866468917
66,1203.8,1206.7,1203.4,1205.4,30927,0,0.0,None,0.0,1200.2999999999997,-1.4632551295675522
67,417.7,417.8,417.6,417.6,724,1800,1699818008.01382,S,417.55000000000007,417.55000000000007,-4.537661447022509
68,2182.0,2185.0,2182.0,2183.55,1287,1800,1699818008.0367575,S,2183.366666666667,2183.366666666667,-3.1448912151522386
69,4006.0,4006.0,4002.55,4004.15,143,0,0.0,None,0.0,3993.316666666666,-2.1982584907734206
70,132.15,132.2,132.0,132.0,188296,0,0.0,None,0.0,131.91666666666669,-3.64963503649635
71,1744.0,1744.7,1744.0,1744.7,188,0,0.0,None,0.0,1749.1499999999996,-3.0964481101946735
72,2182.0,2185.0,2182.0,2183.55,1287,0,0.0,None,0.0,813.5999999999999,176.17150445835708
73,117.8,117.8,117.6,117.6,35374,0,0.0,None,0.0,123.93333333333328,-9.048723897911845
74,6630.05,6634.85,6630.05,6634.85,28,0,0.0,None,0.0,6648.766666666668,-3.298280900432133
75,883.8,884.9,883.8,884.0,949,0,0.0,None,0.0,882.8333333333334,-1.2731740004467251
76,513.75,514.1,513.5,513.8,1490,0,0.0,None,0.0,511.13333333333344,-1.6085790884718671
77,1154.0,1154.6,1152.75,1152.75,2914,0,0.0,None,0.0,1150.4999999999995,-3.7208719619143036
78,530.5,530.65,530.25,530.6,9342,1800,1699818008.0527158,S,530.7166666666667,530.7166666666667,-3.0159020288795464
79,4798.75,4805.1,4798.75,4805.1,591,0,0.0,None,0.0,4791.549999999997,-3.8412663471448116
80,236.2,236.3,235.9,236.0,31308,0,0.0,None,0.0,243.76666666666665,-6.349206349206349
81,19678.55,19684.95,19640.05,19663.95,200,0,0.0,None,0.0,19686.65,-2.808881859407625
82,537.45,538.0,537.4,538.0,1511,0,0.0,None,0.0,548.4000000000001,-6.645844178379309
83,644.1,645.1,644.1,644.3,1891,0,0.0,None,0.0,644.8500000000004,-4.5481481481481545
84,1014.5,1015.0,1014.35,1015.0,452,0,0.0,None,0.0,1018.7499999999998,-2.968309354237365
85,557.95,558.8,557.6,558.0,7035,0,0.0,None,0.0,587.8999999999999,-9.053866840518289
86,1920.75,1921.15,1920.75,1921.05,258,0,0.0,None,0.0,354.95000000000005,468.10587017595753
87,1920.75,1921.15,1920.75,1921.05,258,0,0.0,None,0.0,1483.9833333333327,40.048844499526126
88,1920.75,1921.15,1920.75,1921.05,258,0,0.0,None,0.0,1913.2333333333333,0.09639433097123327
89,379.45,380.5,379.15,379.45,40358,0,0.0,None,0.0,381.1833333333333,1.4707848642866694
90,72.95,72.95,72.75,72.75,346814,0,0.0,None,0.0,72.46666666666668,-1.6891891891891893
91,1576.7,1577.3,1574.7,1574.7,1691,0,0.0,None,0.0,1568.5166666666667,-1.5227791501203782
92,577.4,577.6,577.05,577.5,2773,0,0.0,None,0.0,576.7333333333333,-2.1518129447644943
93,3026.55,3030.8,3026.55,3030.4,28,0,0.0,None,0.0,3025.5666666666666,2.32652372108729
94,2086.9,2088.4,2086.05,2087.9,1523,0,0.0,None,0.0,2083.0666666666666,1.3248568378142378
95,62.15,62.2,62.15,62.15,16184,0,0.0,None,0.0,64.08333333333331,-9.270072992700731
96,4085.0,4085.0,4081.2,4083.1,236,0,0.0,None,0.0,4068.966666666667,-2.2936383541320167
97,22668.2,22700.0,22668.2,22692.7,34,0,0.0,None,0.0,22804.933333333327,0.18852097130243145
98,1883.6,1884.5,1879.05,1879.7,3499,0,0.0,None,0.0,1864.0999999999997,0.04524043963063238
99,1883.6,1884.5,1879.05,1879.7,3499,0,0.0,None,0.0,2943.249999999998,-42.44377420885833
100,374.95,375.4,374.65,374.95,14978,0,0.0,None,0.0,393.61666666666656,-9.432367149758457
101,3301.05,3308.75,3301.05,3306.8,467,0,0.0,None,0.0,3345.666666666668,-5.355047368270411
102,1883.6,1884.5,1879.05,1879.7,3499,0,0.0,None,0.0,736.4833333333331,168.66290288001147
103,387.45,387.45,386.75,386.85,4576,0,0.0,None,0.0,389.5333333333333,1.6955835962145231
104,100.55,100.75,100.55,100.7,241172,0,0.0,None,0.0,101.25,-1.756097560975607
105,387.45,387.45,386.75,386.85,4576,0,0.0,None,0.0,99.69999999999999,302.13097713097716
106,1677.0,1680.65,1677.0,1679.45,707,0,0.0,None,0.0,1684.7833333333333,-1.587999179631415
107,2941.8,2942.15,2937.75,2939.6,189,0,0.0,None,0.0,3002.3499999999985,-4.294318736773566
108,755.3,756.85,754.25,756.85,9831,0,0.0,None,0.0,757.9166666666665,-7.362301101591184
109,106.2,106.45,106.2,106.25,121515,0,0.0,None,0.0,106.65,-4.836542767577255
110,0.0,0.0,0.0,0.0,0,0,0.0,None,0.0,0.0,0.0
111,16.0,16.0,15.95,16.0,47780,0,0.0,None,0.0,16.39999999999999,-6.158357771261001
112,4940.9,4946.85,4924.05,4925.5,3425,0,0.0,None,0.0,4903.883333333334,-7.013403813479329
113,567.5,568.1,567.5,567.8,2365,0,0.0,None,0.0,571.4166666666667,-2.355975924333628
114,40.05,40.1,40.0,40.1,126347,0,0.0,None,0.0,40.050000000000004,-3.489771359807451
115,37625.0,37730.05,37625.0,37718.8,249,0,0.0,None,0.0,37654.85000000002,-2.540563096786862
116,37625.0,37730.05,37625.0,37718.8,249,0,0.0,None,0.0,2267.383333333333,1706.0234618146997
117,165.95,166.0,165.8,165.85,57093,0,0.0,None,0.0,166.30000000000007,-6.193438914027158
118,37625.0,37730.05,37625.0,37718.8,249,0,0.0,None,0.0,3780.116666666667,943.1516794114801
119,37625.0,37730.05,37625.0,37718.8,249,0,0.0,None,0.0,54.23333333333335,72366.47454370798
120,901.9,902.25,901.9,902.25,8462,0,0.0,None,0.0,902.8000000000002,-6.835665238267338
121,234.35,234.35,233.95,234.1,44755,0,0.0,None,0.0,235.36666666666667,-6.002810680586234
122,167.8,168.1,167.75,168.1,21534,0,0.0,None,0.0,0.0,-58.168470822446196
123,1289.4,1289.55,1288.7,1288.7,61,0,0.0,None,0.0,1287.0,2.849162011173188
124,650.35,652.4,650.35,651.45,15689,0,0.0,None,0.0,680.8000000000002,-7.615400978515201
125,167.8,168.1,167.75,168.1,21534,0,0.0,None,0.0,177.11666666666667,-11.316275389079406
126,2579.05,2579.25,2576.0,2576.0,263,0,0.0,None,0.0,2571.0499999999997,-0.003881836885210553
127,1597.05,1597.35,1595.4,1595.4,256,0,0.0,None,0.0,1592.0,1.8643851359979597
128,170.55,170.7,170.45,170.7,5772,0,0.0,None,0.0,171.6166666666667,-7.127312295973896
129,7601.65,7608.35,7601.0,7605.65,243,0,0.0,None,0.0,7596.366666666665,-1.2772502774514773
130,7601.65,7608.35,7601.0,7605.65,243,0,0.0,None,0.0,2320.633333333333,245.12308564946116
131,2729.05,2730.7,2728.45,2728.45,376,0,0.0,None,0.0,2739.25,-4.731227849648214
132,408.85,409.45,408.7,409.35,1261,1800,1699818008.320001,S,409.19999999999993,409.19999999999993,-2.9746385399383635
133,1809.8,1811.3,1807.2,1807.3,1280,0,0.0,None,0.0,1804.2333333333336,-1.9822653686579688
134,4146.65,4151.4,4144.0,4151.4,561,0,0.0,None,0.0,1140.2000000000007,279.20986526604247
135,4146.65,4151.4,4144.0,4151.4,561,0,0.0,None,0.0,4133.600000000002,-4.944646066836885
136,108150.0,108200.0,108115.2,108189.4,28,0,0.0,None,0.0,107890.08333333333,-0.8947370590608903
137,4146.65,4151.4,4144.0,4151.4,561,0,0.0,None,0.0,1852.0999999999995,133.62503165536452
138,4146.65,4151.4,4144.0,4151.4,561,0,0.0,None,0.0,149.86666666666667,2765.0103519668733
139,687.05,687.5,687.05,687.5,5414,0,0.0,None,0.0,692.8833333333332,-3.6372555890391816
140,6058.5,6067.0,6058.5,6065.0,998,0,0.0,None,0.0,6078.25,3.6938253874627103
141,687.05,687.5,687.05,687.5,5414,0,0.0,None,0.0,0.0,0.0
142,687.05,687.5,687.05,687.5,5414,0,0.0,None,0.0,84.26666666666668,785.9536082474227
143,5932.4,5942.35,5932.4,5942.35,65,0,0.0,None,0.0,5991.049999999999,-8.734382319287977
144,82.5,82.55,82.15,82.2,653382,0,0.0,None,0.0,87.33333333333331,-9.471365638766514
145,220.3,220.3,220.15,220.3,1431,0,0.0,None,0.0,222.5333333333332,-4.52871072589382
146,5367.0,5367.05,5355.3,5356.35,76,0,0.0,None,0.0,5384.833333333334,2.902838480380392
147,83.65,83.75,83.65,83.75,17912,0,0.0,None,0.0,84.0,-5.367231638418079
148,220.3,220.3,220.15,220.3,1431,0,0.0,None,0.0,0.0,-90.2552306807626
149,220.3,220.3,220.15,220.3,1431,0,0.0,None,0.0,240.98333333333335,-15.851795263559968
150,242.6,242.95,242.6,242.65,17026,0,0.0,None,0.0,0.0,-85.7176491362312
151,2715.0,2717.95,2715.0,2716.15,73,0,0.0,None,0.0,2710.2500000000005,-1.3797360347112537
152,153.05,153.35,153.05,153.25,7509,0,0.0,None,0.0,152.9999999999999,-6.211750305997555
153,0.0,0.0,0.0,0.0,0,0,0.0,None,0.0,0.0,0.0
154,4197.0,4199.75,4197.0,4197.0,89,0,0.0,None,0.0,4298.583333333332,-9.659366087284077
155,410.8,411.65,410.8,411.65,5112,0,0.0,None,0.0,412.15000000000003,-1.9530784804096808
156,212.2,212.2,212.1,212.15,29904,0,0.0,None,0.0,213.55,-7.418721361553568
157,1877.25,1878.85,1877.25,1878.25,44,0,0.0,None,0.0,1926.1166666666668,-7.500430917731647
158,1100.95,1100.95,1097.0,1097.0,1942,0,0.0,None,0.0,1094.3000000000002,-2.4585426577157414
159,95.35,95.4,95.25,95.4,22437,0,0.0,None,0.0,98.60000000000002,-7.647628267182954
160,269.75,269.95,269.05,269.15,45428,0,0.0,None,0.0,267.7500000000001,-8.762711864406787
161,859.6,860.95,859.6,860.8,3465,0,0.0,None,0.0,856.9833333333335,-2.585865444463308
162,590.75,591.0,590.2,591.0,468,0,0.0,None,0.0,593.0500000000001,-0.6639213379275646
163,381.95,382.3,381.9,382.0,13434,0,0.0,None,0.0,410.6666666666665,-16.530099420954876
164,1134.15,1134.9,1134.15,1134.55,451,0,0.0,None,0.0,1144.9666666666662,-5.45416666666667
165,37.4,37.5,37.4,37.5,80320,0,0.0,None,0.0,37.43333333333334,-5.303030303030306
166,496.45,496.45,495.55,495.85,8802,0,0.0,None,0.0,502.9333333333334,-6.399244926852285
167,670.55,673.25,670.55,673.25,6180,0,0.0,None,0.0,681.9166666666665,-8.773712737127372
168,1607.0,1608.0,1606.05,1607.6,792,0,0.0,None,0.0,1604.7000000000007,-4.184050542376925
169,249.6,249.6,249.6,249.6,245692,0,0.0,None,0.0,265.3499999999998,-11.614730878186965
170,10.75,10.8,10.75,10.75,27960,0,0.0,None,0.0,10.683333333333337,-10.416666666666668
171,578.85,579.0,578.65,578.65,36,0,0.0,None,0.0,0.0,-85.57504144386692
172,578.85,579.0,578.65,578.65,36,0,0.0,None,0.0,153.2333333333334,294.0415389853592
173,1301.0,1301.0,1300.25,1300.25,366,0,0.0,None,0.0,1306.4666666666667,-1.4402122418040553
174,578.85,579.0,578.65,578.65,36,0,0.0,None,0.0,580.9666666666667,-3.4134535136037467
175,3527.0,3527.0,3524.05,3524.05,26,0,0.0,None,0.0,3539.7166666666667,-0.37880394069173096
176,821.15,822.65,821.15,821.35,6145,0,0.0,None,0.0,0.0,-73.85276561878233
177,821.15,822.65,821.15,821.35,6145,0,0.0,None,0.0,342.4000000000001,153.42486886763345
178,821.15,822.65,821.15,821.35,6145,0,0.0,None,0.0,827.1666666666665,-2.0861894259998808
179,821.15,822.65,821.15,821.35,6145,0,0.0,None,0.0,0.0,-97.30190067604413
180,821.15,822.65,821.15,821.35,6145,0,0.0,None,0.0,1103.3833333333332,-29.197017369940948
181,0.0,0.0,0.0,0.0,0,0,0.0,None,0.0,0.0,0.0
182,220.65,220.75,220.55,220.75,9684,0,0.0,None,0.0,0.0,-81.80506902946631
183,220.65,220.75,220.55,220.75,9684,0,0.0,None,0.0,0.0,-89.45117434831434
184,220.65,220.75,220.55,220.75,9684,0,0.0,None,0.0,0.0,-93.34207986488117
185,220.65,220.75,220.55,220.75,9684,0,0.0,None,0.0,219.79999999999995,-6.223449447748516
186,1979.95,1980.65,1978.5,1978.65,354,0,0.0,None,0.0,1091.9333333333338,91.86909090909093
187,720.15,720.45,719.2,719.65,393,0,0.0,None,0.0,715.6833333333332,-1.0926333150082523
188,54.3,54.35,54.15,54.2,14769,0,0.0,None,0.0,53.85000000000001,-4.3248014121800455
189,119.0,119.15,118.95,118.95,37626,0,0.0,None,0.0,122.29999999999995,-7.93343653250773
190,421.2,421.5,420.9,420.9,1229,0,0.0,None,0.0,524.1833333333334,-23.38915180196578
191,421.2,421.5,420.9,420.9,1229,0,0.0,None,0.0,0.0,-91.83550749236217
192,421.2,421.5,420.9,420.9,1229,0,0.0,None,0.0,419.26666666666677,-1.9795062878435028
193,680.15,680.45,679.6,679.6,980,0,0.0,None,0.0,680.0666666666666,-4.69779834525312
194,1778.0,1778.0,1774.7,1775.45,196,0,0.0,None,0.0,0.0,-57.130266811541716
195,226.0,226.2,225.7,225.7,697,0,0.0,None,0.0,225.9333333333333,-0.4411116012351125
196,4970.15,4972.55,4970.15,4970.45,6,0,0.0,None,0.0,5012.733333333332,-2.7080723457563494
197,1778.0,1778.0,1774.7,1775.45,196,0,0.0,None,0.0,1762.5333333333333,-5.14745165081739
198,1778.0,1778.0,1774.7,1775.45,196,0,0.0,None,0.0,3056.1833333333325,-46.92385877851185
199,416.95,417.0,415.55,415.65,12838,0,0.0,None,0.0,396.1666666666665,10.062226929696811
200,1178.95,1178.95,1178.75,1178.75,90,0,0.0,None,0.0,1462.666666666667,-23.058093994778066
201,416.95,417.0,415.55,415.65,12838,0,0.0,None,0.0,0.0,-55.730109702843755
202,1178.95,1178.95,1178.75,1178.75,90,1800,1699818008.8645442,S,1178.7333333333336,1178.7333333333336,-1.1613281905081259
203,416.95,417.0,415.55,415.65,12838,0,0.0,None,0.0,422.01666666666665,-6.004070556309364
204,60.75,60.75,60.65,60.75,2563,1800,1699818008.860555,S,60.75,60.75,-4.855129209083793
205,895.75,895.95,894.3,894.3,97,0,0.0,None,0.0,435.7499999999998,114.35762224352828
206,895.75,895.95,894.3,894.3,97,0,0.0,None,0.0,889.2833333333333,-2.7934782608695703
207,43.55,43.65,43.55,43.65,65447,0,0.0,None,0.0,0.0,-98.80355233944577
208,0.0,0.0,0.0,0.0,0,0,0.0,None,0.0,0.0,0.0
209,895.75,895.95,894.3,894.3,97,0,0.0,None,0.0,50.33333333333334,1802.7659574468084
210,895.75,895.95,894.3,894.3,97,0,0.0,None,0.0,1542.0666666666675,-44.401616412806966
211,312.9,313.0,312.6,312.6,558,0,0.0,None,0.0,313.5833333333333,-2.949394597950947
212,2115.8,2115.8,2113.9,2113.9,28,0,0.0,None,0.0,2110.6833333333334,-2.227053028375851
213,2115.8,2115.8,2113.9,2113.9,28,0,0.0,None,0.0,2938.7333333333354,-30.215898587085693
214,2115.8,2115.8,2113.9,2113.9,28,0,0.0,None,0.0,1004.5999999999999,123.2442707783293
215,0.0,0.0,0.0,0.0,0,0,0.0,None,0.0,0.0,0.0
216,0.0,0.0,0.0,0.0,0,0,0.0,None,0.0,0.0,0.0
217,808.25,808.45,808.0,808.4,277,0,0.0,None,0.0,278.73333333333335,211.52215799614643
218,808.25,808.45,808.0,808.4,277,0,0.0,None,0.0,149.88333333333327,485.1610568222946
219,213.55,213.8,213.5,213.5,3526,0,0.0,None,0.0,213.64999999999998,-10.23754467101114
220,372.6,372.6,372.2,372.5,73,0,0.0,None,0.0,371.83333333333326,-3.2467532467532463
221,808.25,808.45,808.0,808.4,277,0,0.0,None,0.0,812.1333333333332,-2.0061821928601815
222,0.0,0.0,0.0,0.0,0,0,0.0,None,0.0,0.0,0.0
223,326.35,326.6,325.05,325.15,8008,0,0.0,None,0.0,324.16666666666663,-2.649700598802402
224,452.8,453.4,452.8,453.4,2009,0,0.0,None,0.0,465.95000000000005,-5.610492349328624
225,1086.8,1087.9,1086.3,1086.3,339,0,0.0,None,0.0,1079.2499999999995,-4.781522548976637
226,326.35,326.6,325.05,325.15,8008,0,0.0,None,0.0,306.48333333333346,10.201660735468552
227,326.35,326.6,325.05,325.15,8008,0,0.0,None,0.0,0.0,-81.87973695942932
228,608.2,609.25,608.2,609.25,406,0,0.0,None,0.0,612.7166666666668,-7.176049363906456
229,1541.0,1541.9,1540.05,1541.9,152,0,0.0,None,0.0,1594.5666666666666,-5.08756270967344
230,960.3,960.3,959.1,959.1,106,0,0.0,None,0.0,974.7833333333338,-4.567164179104475
231,437.1,437.9,437.1,437.5,3706,0,0.0,None,0.0,449.81666666666683,-6.407102363889184
232,971.05,971.5,971.05,971.5,32,0,0.0,None,0.0,479.4333333333334,116.99798972526246
233,456.4,456.8,455.9,455.9,132,0,0.0,None,0.0,458.6333333333333,-2.209352209352212
234,971.05,971.5,971.05,971.5,32,1800,1699818009.0081604,S,971.5,971.5,-1.8042148885632003
235,1285.85,1289.25,1285.85,1288.45,3244,0,0.0,None,0.0,1512.6333333333332,-20.135746606334838
236,1285.85,1289.25,1285.85,1288.45,3244,0,0.0,None,0.0,213.58333333333326,549.2567397329302
237,5192.35,5193.35,5184.35,5187.45,1565,0,0.0,None,0.0,5196.299999999999,-5.7135846450252705
238,1585.0,1586.9,1584.35,1585.45,441,0,0.0,None,0.0,1608.2333333333336,-9.119830328738065
239,1285.85,1289.25,1285.85,1288.45,3244,0,0.0,None,0.0,1296.0833333333333,2.278229807501492
240,0.0,0.0,0.0,0.0,0,0,0.0,None,0.0,0.0,0.0
241,0.0,0.0,0.0,0.0,0,0,0.0,None,0.0,0.0,0.0
242,620.1,620.5,619.65,619.75,4092,0,0.0,None,0.0,620.2999999999997,-6.176670956021491
243,620.1,620.5,619.65,619.75,4092,0,0.0,None,0.0,954.0666666666675,-39.31753647312249
244,136.7,136.7,136.45,136.5,1563,0,0.0,None,0.0,0.0,-81.40960163432074
245,136.7,136.7,136.45,136.5,1563,0,0.0,None,0.0,136.1,-4.944289693593311
246,1234.65,1235.35,1234.4,1234.45,176,0,0.0,None,0.0,1229.3833333333334,-1.3111084462565348
247,3896.0,3896.0,3890.0,3895.75,14,0,0.0,None,0.0,3899.2166666666662,-1.5043296883888504
248,998.05,999.15,997.65,997.65,434,0,0.0,None,0.0,1010.0499999999997,-5.864314021513492
249,502.25,502.6,502.25,502.6,163,0,0.0,None,0.0,504.1166666666666,-0.45553574965338767
250,998.05,999.15,997.65,997.65,434,0,0.0,None,0.0,414.29999999999995,151.67759838546922
251,713.0,715.1,712.95,714.75,1070,0,0.0,None,0.0,717.7999999999997,-6.274586939417784
252,1741.7,1744.8,1741.7,1744.8,22,0,0.0,None,0.0,1743.2666666666667,-1.7014084507042277
253,2625.3,2631.05,2623.55,2631.05,1057,0,0.0,None,0.0,2678.7333333333336,-4.697998732228554
254,522.35,522.35,520.0,520.4,1577,0,0.0,None,0.0,521.45,-3.6207056208908357
255,444.5,445.2,444.4,444.65,1702,0,0.0,None,0.0,0.0,-83.31551002795445
256,444.5,445.2,444.4,444.65,1702,0,0.0,None,0.0,0.0,-66.77128871950082
257,2351.8,2353.5,2351.8,2353.5,18,0,0.0,None,0.0,2342.5833333333335,-6.14718959982454
258,444.5,445.2,444.4,444.65,1702,0,0.0,None,0.0,444.1166666666667,-1.188888888888894
259,33.95,34.0,33.9,33.95,69765,0,0.0,None,0.0,33.58333333333333,-3.9603960396039564
260,250.0,250.2,250.0,250.05,829,0,0.0,None,0.0,257.2166666666667,-5.8014692032397726
261,33.95,34.0,33.9,33.95,69765,0,0.0,None,0.0,0.0,-88.10858143607706
262,33.95,34.0,33.9,33.95,69765,0,0.0,None,0.0,0.0,-99.49328358208956
263,33.95,34.0,33.9,33.95,69765,0,0.0,None,0.0,0.0,-96.37673425827107
264,0.0,0.0,0.0,0.0,0,0,0.0,None,0.0,0.0,0.0
265,755.05,755.05,754.15,755.0,94,0,0.0,None,0.0,176.4666666666667,352.7736131934033
266,1548.7,1548.7,1547.25,1547.95,450,0,0.0,None,0.0,1451.9333333333334,11.82589850099332
267,34.35,34.35,34.3,34.35,17473,0,0.0,None,0.0,34.25,-1.4347202295552368
268,755.05,755.05,754.15,755.0,94,0,0.0,None,0.0,0.0,-83.70175287108195
269,755.05,755.05,754.15,755.0,94,0,0.0,None,0.0,755.9166666666669,-2.637178412534663
270,755.05,755.05,754.15,755.0,94,0,0.0,None,0.0,0.0,-72.1515252111689
271,494.7,495.5,494.1,495.5,2636,0,0.0,None,0.0,496.0,-2.9478013906571365
272,641.7,642.2,640.95,642.2,194,0,0.0,None,0.0,645.1999999999999,1.7104846373139164
273,1973.05,1974.0,1969.15,1969.2,4883,0,0.0,None,0.0,786.4833333333331,162.66506602641056
274,494.7,495.5,494.1,495.5,2636,0,0.0,None,0.0,635.7166666666665,-25.314643153214263
275,1973.05,1974.0,1969.15,1969.2,4883,0,0.0,None,0.0,1415.016666666666,43.580021873860744
276,1973.05,1974.0,1969.15,1969.2,4883,0,0.0,None,0.0,2057.7333333333336,-7.538443479281604
277,294.85,294.85,293.85,293.85,1605,0,0.0,None,0.0,303.58333333333337,-7.579808145934885
278,670.5,672.0,670.25,670.85,3640,0,0.0,None,0.0,672.8499999999999,-7.805950663093514
279,870.5,870.5,870.0,870.0,71,0,0.0,None,0.0,891.7000000000003,-7.863383637807784
280,7390.0,7390.0,7390.0,7390.0,1,0,0.0,None,0.0,7393.733333333334,-0.8519487489099081
281,1036.85,1037.85,1036.85,1037.5,73,0,0.0,None,0.0,0.0,-78.41329948816113
282,1036.85,1037.85,1036.85,1037.5,73,0,0.0,None,0.0,1039.0999999999995,-3.1460044809559413
283,116.1,116.25,116.0,116.25,142509,0,0.0,None,0.0,0.0,-85.3432515917544
284,116.1,116.25,116.0,116.25,142509,0,0.0,None,0.0,0.0,-68.20295404814004
285,68.1,68.25,68.05,68.25,37222,0,0.0,None,0.0,68.16666666666666,-8.878504672897202
286,1500.0,1501.6,1499.85,1499.85,1426,0,0.0,None,0.0,154.19999999999993,887.0681145113524
287,1500.0,1501.6,1499.85,1499.85,1426,0,0.0,None,0.0,1543.7333333333327,-7.264970476396575
288,116.1,116.25,116.0,116.25,142509,0,0.0,None,0.0,121.94999999999999,-7.701468836840018
289,908.5,912.65,906.1,909.7,20482,0,0.0,None,0.0,905.6000000000004,-1.0604165533742997
290,0.0,0.0,0.0,0.0,0,0,0.0,None,0.0,0.0,0.0
291,288.4,289.15,288.4,289.1,589,0,0.0,None,0.0,288.40000000000003,-2.198917456021651
292,0.0,0.0,0.0,0.0,0,0,0.0,None,0.0,0.0,0.0
293,0.0,0.0,0.0,0.0,0,0,0.0,None,0.0,0.0,0.0
294,0.0,0.0,0.0,0.0,0,0,0.0,None,0.0,0.0,0.0
295,623.85,623.85,623.85,623.85,10,0,0.0,None,0.0,628.4999999999998,-5.405610310841543
296,0.0,0.0,0.0,0.0,0,0,0.0,None,0.0,0.0,0.0
297,0.0,0.0,0.0,0.0,0,0,0.0,None,0.0,0.0,0.0
298,124.65,124.75,124.55,124.65,18344,0,0.0,None,0.0,0.0,-87.7770151010002
299,124.65,124.75,124.55,124.65,18344,0,0.0,None,0.0,126.5,-6.7688855646970705
300,822.95,823.85,822.95,823.8,175,0,0.0,None,0.0,824.2833333333333,-1.003424863305897
