0,1,2,3,4,5,6,7,8,9,10,11,12,13,14
1,2306.15,0,2252.3999999999996,2264.55,2276.7,2288.85,2297.5,2309.65,2318.3,2330.4500000000003,2339.1000000000004,2347.750000000001,2356.4000000000005,200000
2,3455.65,0,3390.366666666667,3405.75,3421.1333333333337,3436.516666666667,3446.0833333333335,3461.4666666666667,3471.0333333333333,3486.4166666666665,3495.983333333333,3505.5499999999993,3515.116666666667,200000
3,1514.95,0,1457.3999999999996,1468.8499999999995,1480.3,1491.75,1503.35,1514.8,1526.3999999999999,1537.85,1549.4499999999998,1561.0499999999993,1572.6499999999996,200000
4,935.75,0,907.0,913.75,920.5,927.25,931.5,938.25,942.5,949.25,953.5,957.75,962.0,200000
5,2548.1,0,2477.3999999999996,2489.2999999999993,2501.2,2513.1,2530.6,2542.5,2560.0,2571.9,2589.4,2606.8999999999996,2624.3999999999996,200000
6,1433.65,0,1400.0333333333328,1406.5499999999988,1413.0666666666662,1419.583333333333,1426.6166666666663,1433.1333333333332,1440.1666666666665,1446.6833333333334,1453.7166666666667,1460.7500000000005,1467.7833333333328,200000
7,450.4,0,430.1166666666668,434.3000000000003,438.48333333333346,442.66666666666674,446.5333333333334,450.7166666666667,454.58333333333337,458.76666666666665,462.6333333333333,466.4999999999999,470.3666666666668,200000
8,571.2,0,553.9333333333334,557.2,560.4666666666667,563.7333333333333,567.4666666666667,570.7333333333333,574.4666666666667,577.7333333333333,581.4666666666667,585.2,588.9333333333334,200000
9,942.95,0,916.9500000000007,923.0500000000006,929.1500000000004,935.2500000000002,939.1000000000004,945.2000000000002,949.0500000000003,955.1500000000001,959.0000000000002,962.8500000000001,966.7000000000003,200000
10,1738.45,0,1691.9333333333334,1702.849999999999,1713.7666666666664,1724.6833333333332,1731.5666666666666,1742.4833333333333,1749.3666666666668,1760.2833333333335,1767.166666666667,1774.0500000000006,1780.9333333333334,200000
11,7841.55,0,7366.399999999998,7457.549999999999,7548.699999999999,7639.849999999999,7740.699999999999,7831.849999999999,7932.699999999999,8023.849999999999,8124.699999999999,8225.55,8326.399999999998,200000
12,634.7,0,613.0,617.9000000000001,622.8000000000001,627.7,631.2,636.1,639.6,644.5,648.0,651.5,655.0,200000
13,3054.4,0,2902.8166666666675,2928.8999999999996,2954.983333333334,2981.066666666667,3017.733333333334,3043.816666666667,3080.483333333334,3106.566666666667,3143.233333333334,3179.8999999999996,3216.5666666666675,200000
14,1267.35,0,1241.9,1247.65,1253.4,1259.15,1263.25,1269.0,1273.1,1278.85,1282.9499999999998,1287.0499999999997,1291.1499999999996,200000
15,3101.8,0,3017.5666666666657,3032.199999999999,3046.8333333333326,3061.4666666666662,3081.6333333333328,3096.2666666666664,3116.433333333333,3131.0666666666666,3151.233333333333,3171.3999999999996,3191.5666666666657,200000
16,991.4,0,943.833333333333,952.8,961.7666666666667,970.7333333333333,981.0666666666666,990.0333333333333,1000.3666666666666,1009.3333333333333,1019.6666666666665,1029.9999999999995,1040.333333333333,200000
17,10771.7,0,10532.400000000001,10574.3,10616.2,10658.1,10714.900000000001,10756.800000000001,10813.600000000002,10855.500000000002,10912.300000000003,10969.100000000002,11025.900000000005,200000
18,1141.5,0,1103.666666666667,1111.5,1119.3333333333335,1127.1666666666667,1134.3333333333335,1142.1666666666667,1149.3333333333335,1157.1666666666667,1164.3333333333335,1171.5,1178.666666666667,200000
19,3284.65,0,3134.666666666668,3160.750000000002,3186.833333333334,3212.916666666667,3248.7833333333338,3274.866666666667,3310.7333333333336,3336.8166666666666,3372.6833333333334,3408.55,3444.416666666668,200000
20,3766.85,0,3658.4500000000007,3680.550000000001,3702.65,3724.75,3745.8,3767.9,3788.9500000000003,3811.05,3832.1000000000004,3853.1500000000015,3874.2000000000007,200000
21,8518.55,0,7707.883333333331,7829.25,7950.616666666667,8071.983333333334,8295.266666666666,8416.633333333333,8639.916666666666,8761.283333333333,8984.566666666666,9207.849999999999,9431.133333333331,200000
22,24132.35,0,21472.300000000003,21879.350000000006,22286.4,22693.45,23412.9,23819.95,24539.4,24946.45,25665.9,26385.350000000006,27104.800000000003,200000
23,1634.75,0,1525.7333333333345,1543.65,1561.566666666667,1579.4833333333336,1607.116666666667,1625.0333333333335,1652.666666666667,1670.5833333333335,1698.216666666667,1725.8499999999995,1753.4833333333336,200000
24,395.3,0,379.29999999999995,382.0000000000001,384.70000000000005,387.40000000000003,391.35,394.05,398.0,400.7,404.65,408.5999999999999,412.54999999999995,200000
25,2402.2,0,2323.0166666666673,2337.9000000000005,2352.7833333333338,2367.666666666667,2384.9333333333334,2399.8166666666666,2417.083333333333,2431.9666666666662,2449.2333333333327,2466.499999999999,2483.7666666666655,200000
26,186.3,0,182.45000000000005,183.09999999999997,183.75,184.4,185.35,186.0,186.95,187.6,188.54999999999998,189.4999999999999,190.44999999999993,200000
27,239.5,0,231.0333333333332,232.89999999999986,234.7666666666666,236.6333333333333,238.0666666666666,239.9333333333333,241.36666666666662,243.23333333333332,244.66666666666663,246.09999999999997,247.5333333333332,200000
28,780.45,0,748.0833333333335,753.3499999999999,758.6166666666667,763.8833333333333,772.1666666666667,777.4333333333334,785.7166666666668,790.9833333333335,799.2666666666669,807.5500000000004,815.8333333333339,200000
29,205.8,0,193.13333333333333,195.40000000000003,197.66666666666669,199.93333333333334,202.8666666666667,205.13333333333335,208.06666666666672,210.33333333333337,213.26666666666674,216.20000000000016,219.13333333333344,200000
30,1569.55,0,1506.8166666666666,1518.4499999999994,1530.083333333333,1541.7166666666665,1555.6333333333332,1567.2666666666667,1581.1833333333334,1592.8166666666668,1606.7333333333336,1620.650000000001,1634.5666666666666,200000
31,5457.8,0,4797.066666666666,4897.799999999999,4998.533333333333,5099.266666666666,5278.533333333333,5379.266666666666,5558.533333333333,5659.266666666666,5838.533333333333,6017.799999999999,6197.066666666666,200000
32,668.8,0,635.666666666667,641.4000000000005,647.1333333333336,652.8666666666668,660.8333333333335,666.5666666666667,674.5333333333334,680.2666666666667,688.2333333333333,696.2,704.1666666666667,200000
33,933.0,0,881.6166666666668,891.7999999999997,901.9833333333335,912.1666666666667,922.5833333333335,932.7666666666668,943.1833333333335,953.3666666666668,963.7833333333335,974.2,984.6166666666672,200000
34,792.85,0,768.3833333333332,773.1500000000003,777.9166666666667,782.6833333333334,787.7666666666667,792.5333333333333,797.6166666666666,802.3833333333332,807.4666666666665,812.5499999999995,817.6333333333332,200000
35,314.8,0,298.51666666666654,301.1,303.6833333333333,306.26666666666665,310.53333333333325,313.1166666666666,317.3833333333332,319.9666666666666,324.2333333333332,328.4999999999998,332.7666666666664,200000
36,126.0,0,120.81666666666672,121.70000000000002,122.58333333333334,123.46666666666667,124.73333333333335,125.61666666666667,126.88333333333335,127.76666666666668,129.03333333333336,130.30000000000007,131.56666666666672,200000
37,314.4,0,302.5333333333333,304.4,306.26666666666665,308.1333333333333,311.26666666666665,313.1333333333333,316.26666666666665,318.1333333333333,321.26666666666665,324.4,327.5333333333333,200000
38,2374.85,0,2280.6000000000004,2302.95,2325.3,2347.65,2361.25,2383.6,2397.2,2419.5499999999997,2433.1499999999996,2446.749999999999,2460.3499999999995,200000
39,3463.75,0,3332.6000000000004,3358.250000000001,3383.8999999999996,3409.5499999999997,3436.6499999999996,3462.2999999999997,3489.3999999999996,3515.0499999999997,3542.1499999999996,3569.250000000001,3596.3500000000004,200000
40,1348.15,0,1311.3333333333335,1318.15,1324.9666666666667,1331.7833333333333,1339.9666666666667,1346.7833333333333,1354.9666666666667,1361.7833333333333,1369.9666666666667,1378.15,1386.3333333333335,200000
41,90.65,0,88.69999999999999,89.04999999999993,89.39999999999998,89.74999999999999,90.19999999999999,90.55,91.0,91.35000000000001,91.80000000000001,92.25000000000003,92.69999999999999,200000
42,5482.6,0,4895.133333333335,4982.600000000002,5070.0666666666675,5157.533333333334,5320.0666666666675,5407.533333333334,5570.0666666666675,5657.533333333334,5820.0666666666675,5982.600000000002,6145.133333333335,200000
43,1975.7,0,1855.5333333333328,1873.6000000000004,1891.6666666666663,1909.7333333333331,1942.7166666666662,1960.783333333333,1993.7666666666662,2011.833333333333,2044.8166666666662,2077.7999999999997,2110.783333333332,200000
44,1172.15,0,1126.5333333333338,1136.8500000000004,1147.1666666666667,1157.4833333333333,1164.8166666666668,1175.1333333333334,1182.466666666667,1192.7833333333335,1200.116666666667,1207.4500000000007,1214.7833333333338,200000
45,639.0,0,602.0166666666669,608.8000000000002,615.5833333333334,622.3666666666667,630.6833333333334,637.4666666666667,645.7833333333334,652.5666666666667,660.8833333333334,669.2000000000003,677.5166666666669,200000
46,4602.45,0,4471.233333333337,4493.850000000002,4516.466666666668,4539.083333333334,4570.766666666668,4593.383333333334,4625.066666666668,4647.683333333334,4679.366666666669,4711.050000000003,4742.733333333337,200000
47,227.15,0,215.5000000000001,218.2500000000001,221.00000000000006,223.75000000000003,225.45000000000005,228.20000000000002,229.90000000000003,232.65,234.35000000000002,236.05,237.7500000000001,200000
48,983.9,0,930.9166666666665,942.8,954.6833333333334,966.5666666666667,975.2333333333333,987.1166666666667,995.7833333333333,1007.6666666666666,1016.3333333333333,1024.9999999999995,1033.6666666666665,200000
49,525.65,0,506.4333333333334,509.9499999999998,513.4666666666667,516.9833333333333,521.3166666666667,524.8333333333334,529.1666666666667,532.6833333333334,537.0166666666668,541.3499999999999,545.6833333333334,200000
50,591.95,0,572.5999999999999,575.9499999999998,579.3,582.65,587.3,590.65,595.3,598.65,603.3,607.9499999999998,612.5999999999999,200000
51,26270.0,0,24760.13333333333,25070.09999999999,25380.066666666666,25690.033333333333,25980.016666666666,26289.983333333334,26579.966666666667,26889.933333333334,27179.916666666668,27469.899999999994,27759.88333333333,200000
52,759.4,0,733.083333333333,738.7,744.3166666666666,749.9333333333333,754.6666666666666,760.2833333333333,765.0166666666667,770.6333333333333,775.3666666666667,780.1000000000004,784.8333333333335,200000
53,1953.9,0,1904.7666666666673,1915.1,1925.4333333333334,1935.7666666666667,1944.8333333333335,1955.1666666666667,1964.2333333333336,1974.5666666666668,1983.6333333333337,1992.7000000000007,2001.7666666666673,200000
54,479.95,0,452.9333333333334,457.45000000000005,461.9666666666667,466.48333333333335,473.2166666666667,477.73333333333335,484.4666666666667,488.98333333333335,495.7166666666667,502.45000000000005,509.1833333333334,200000
55,934.6,0,852.2500000000005,866.7,881.1500000000001,895.6,915.1000000000001,929.5500000000001,949.0500000000002,963.5000000000001,983.0000000000002,1002.5000000000005,1022.0000000000005,200000
56,560.1,0,533.7833333333331,539.2,544.6166666666666,550.0333333333333,555.0666666666665,560.4833333333332,565.5166666666664,570.9333333333332,575.9666666666664,580.9999999999995,586.0333333333328,200000
57,205.15,0,193.66666666666674,195.55,197.43333333333334,199.31666666666666,202.23333333333335,204.11666666666667,207.03333333333336,208.91666666666669,211.83333333333337,214.7500000000001,217.66666666666674,200000
58,1450.35,0,1348.3833333333341,1367.0500000000002,1385.716666666667,1404.3833333333334,1427.366666666667,1446.0333333333335,1469.016666666667,1487.6833333333336,1510.6666666666672,1533.6500000000005,1556.6333333333341,200000
59,3501.2,0,3318.416666666666,3353.8999999999996,3389.3833333333328,3424.8666666666663,3463.033333333333,3498.5166666666664,3536.683333333333,3572.1666666666665,3610.333333333333,3648.5,3686.666666666666,200000
60,5630.9,0,5466.366666666669,5502.4000000000015,5538.433333333334,5574.466666666667,5602.683333333334,5638.716666666667,5666.933333333334,5702.966666666667,5731.183333333334,5759.4000000000015,5787.616666666669,200000
61,3637.75,0,3499.9000000000015,3525.050000000001,3550.2000000000007,3575.3500000000004,3606.5500000000006,3631.7000000000003,3662.9000000000005,3688.05,3719.2500000000005,3750.4500000000007,3781.6500000000015,200000
62,353.7,0,340.8166666666666,342.9,344.98333333333335,347.06666666666666,350.3833333333334,352.4666666666667,355.7833333333334,357.86666666666673,361.18333333333345,364.5000000000002,367.81666666666683,200000
63,1362.7,0,1245.3000000000002,1266.9000000000005,1288.5000000000002,1310.1000000000001,1336.4,1358.0,1384.3,1405.8999999999999,1432.1999999999998,1458.4999999999995,1484.7999999999997,200000
64,344.45,0,307.06666666666683,313.0500000000002,319.0333333333334,325.0166666666667,334.7333333333334,340.7166666666667,350.4333333333334,356.4166666666667,366.1333333333334,375.85000000000014,385.56666666666683,200000
65,2527.5,0,2414.6833333333334,2439.9000000000005,2465.116666666667,2490.3333333333335,2508.9166666666665,2534.133333333333,2552.7166666666662,2577.933333333333,2596.516666666666,2615.0999999999985,2633.6833333333325,200000
66,1223.3,0,1140.2499999999995,1152.6,1164.9499999999998,1177.3,1200.2999999999997,1212.6499999999999,1235.6499999999996,1247.9999999999998,1270.9999999999995,1293.9999999999995,1316.999999999999,200000
67,437.45,0,413.366666666667,417.55000000000007,421.73333333333346,425.91666666666674,431.68333333333345,435.86666666666673,441.63333333333344,445.8166666666667,451.5833333333334,457.3499999999999,463.1166666666668,200000
68,2254.45,0,2148.9333333333334,2166.1499999999996,2183.366666666667,2200.5833333333335,2227.5166666666664,2244.733333333333,2271.666666666666,2288.8833333333328,2315.8166666666657,2342.749999999998,2369.6833333333316,200000
69,4094.15,0,3876.5166666666646,3915.449999999999,3954.3833333333323,3993.316666666666,4043.7333333333327,4082.6666666666665,4133.083333333333,4172.016666666666,4222.433333333333,4272.85,4323.266666666666,200000
70,137.0,0,131.91666666666669,132.70000000000005,133.48333333333335,134.26666666666668,135.63333333333333,136.41666666666666,137.7833333333333,138.56666666666663,139.93333333333328,141.29999999999995,142.66666666666657,200000
71,1800.45,0,1735.7666666666664,1749.1499999999996,1762.533333333333,1775.9166666666665,1788.1833333333332,1801.5666666666666,1813.8333333333333,1827.2166666666667,1839.4833333333333,1851.75,1864.0166666666664,200000
72,790.65,0,765.3499999999999,771.3499999999999,777.35,783.35,787.0,793.0,796.65,802.65,806.3,809.9499999999998,813.5999999999999,200000
73,129.3,0,123.93333333333328,125.19999999999999,126.46666666666664,127.73333333333332,128.51666666666665,129.78333333333333,130.56666666666666,131.83333333333334,132.61666666666667,133.40000000000003,134.18333333333334,200000
74,6861.15,0,6541.5333333333365,6595.1500000000015,6648.766666666668,6702.383333333334,6781.766666666668,6835.383333333334,6914.766666666668,6968.383333333334,7047.766666666668,7127.1500000000015,7206.5333333333365,200000
75,895.4,0,843.9166666666665,852.7,861.4833333333333,870.2666666666667,882.8333333333334,891.6166666666667,904.1833333333334,912.9666666666667,925.5333333333334,938.1000000000004,950.666666666667,200000
76,522.2,0,495.9333333333336,501.0000000000002,506.06666666666683,511.13333333333344,516.6666666666667,521.7333333333333,527.2666666666667,532.3333333333333,537.8666666666666,543.3999999999999,548.9333333333332,200000
77,1197.3,0,1136.2166666666658,1150.4999999999995,1164.7833333333328,1179.0666666666664,1188.183333333333,1202.4666666666665,1211.583333333333,1225.8666666666666,1234.9833333333331,1244.1,1253.2166666666662,200000
78,547.1,0,530.7166666666667,533.6999999999998,536.6833333333333,539.6666666666666,543.3833333333333,546.3666666666667,550.0833333333334,553.0666666666667,556.7833333333334,560.5,564.2166666666667,200000
79,4997.05,0,4791.549999999997,4827.449999999999,4863.3499999999985,4899.249999999999,4948.149999999999,4984.049999999999,5032.949999999999,5068.849999999999,5117.749999999999,5166.649999999998,5215.549999999999,200000
80,252.0,0,243.76666666666665,245.19999999999993,246.63333333333333,248.06666666666666,250.03333333333333,251.46666666666667,253.43333333333334,254.86666666666667,256.83333333333337,258.79999999999995,260.76666666666665,200000
81,20232.25,0,19425.450000000004,19556.049999999996,19686.65,19817.25,20024.750000000004,20155.350000000002,20362.850000000006,20493.450000000004,20700.950000000008,20908.45000000001,21115.95000000001,200000
82,576.3,0,548.4000000000001,552.8000000000002,557.2,561.6,568.95,573.35,580.7,585.1,592.45,599.8000000000002,607.1500000000001,200000
83,675.0,0,644.8500000000004,650.3000000000002,655.7500000000001,661.2,668.1000000000001,673.5500000000001,680.4500000000002,685.9000000000001,692.8000000000002,699.7000000000003,706.6000000000004,200000
84,1046.05,0,988.7499999999991,998.7499999999995,1008.7499999999995,1018.7499999999998,1032.3999999999996,1042.3999999999999,1056.0499999999997,1066.05,1079.6999999999998,1093.35,1106.9999999999995,200000
85,613.55,0,587.8999999999999,592.75,597.5999999999999,602.4499999999999,608.0,612.85,618.4000000000001,623.2500000000001,628.8000000000002,634.3500000000004,639.9000000000003,200000
86,338.15,0,321.20000000000005,324.6500000000001,328.1,331.55,334.85,338.3,341.6,345.05,348.35,351.6500000000001,354.95000000000005,200000
87,1371.7,0,1250.4833333333327,1278.2999999999993,1306.1166666666663,1333.9333333333332,1352.8166666666664,1380.6333333333332,1399.5166666666664,1427.3333333333333,1446.2166666666665,1465.0999999999995,1483.9833333333327,200000
88,1919.2,0,1858.6833333333334,1868.3999999999996,1878.1166666666666,1887.8333333333333,1903.5166666666667,1913.2333333333333,1928.9166666666667,1938.6333333333334,1954.3166666666668,1970.0,1985.6833333333334,200000
89,373.95,0,352.63333333333344,356.2500000000001,359.8666666666667,363.48333333333335,368.71666666666664,372.3333333333333,377.5666666666666,381.1833333333333,386.4166666666666,391.64999999999986,396.8833333333332,200000
90,74.0,0,69.66666666666671,70.60000000000002,71.53333333333336,72.46666666666668,73.23333333333335,74.16666666666667,74.93333333333334,75.86666666666666,76.63333333333333,77.39999999999998,78.16666666666666,200000
91,1599.05,0,1520.2666666666664,1536.35,1552.4333333333334,1568.5166666666667,1583.7833333333335,1599.8666666666668,1615.1333333333337,1631.216666666667,1646.4833333333338,1661.750000000001,1677.0166666666673,200000
92,590.2,0,564.9833333333336,568.9000000000001,572.8166666666667,576.7333333333333,583.4666666666667,587.3833333333333,594.1166666666667,598.0333333333333,604.7666666666667,611.5000000000002,618.2333333333333,200000
93,2961.5,0,2791.866666666665,2823.899999999998,2855.9333333333325,2887.9666666666662,2924.7333333333327,2956.7666666666664,2993.533333333333,3025.5666666666666,3062.333333333333,3099.0999999999995,3135.866666666665,200000
94,2060.6,0,1930.1333333333332,1952.6000000000004,1975.0666666666666,1997.5333333333333,2029.0666666666666,2051.5333333333333,2083.0666666666666,2105.5333333333333,2137.0666666666666,2168.6000000000004,2200.133333333333,200000
95,68.5,0,64.08333333333331,65.0,65.91666666666666,66.83333333333333,67.66666666666666,68.58333333333333,69.41666666666666,70.33333333333333,71.16666666666666,72.0,72.83333333333331,200000
96,4178.95,0,3995.333333333334,4032.1499999999996,4068.966666666667,4105.783333333334,4142.366666666667,4179.183333333333,4215.766666666666,4252.583333333333,4289.166666666666,4325.749999999998,4362.333333333332,200000
97,22650.0,0,21631.26666666665,21786.199999999983,21941.133333333324,22096.066666666662,22373.033333333326,22527.966666666664,22804.933333333327,22959.866666666665,23236.83333333333,23513.799999999996,23790.76666666665,200000
98,1878.85,0,1719.8499999999985,1745.749999999999,1771.6499999999994,1797.5499999999997,1838.1999999999994,1864.0999999999997,1904.7499999999993,1930.6499999999996,1971.2999999999993,2011.949999999999,2052.5999999999985,200000
99,3265.85,0,2943.249999999998,2991.95,3040.6499999999996,3089.35,3177.5999999999995,3226.2999999999997,3314.5499999999993,3363.2499999999995,3451.499999999999,3539.749999999998,3627.999999999998,200000
100,414.0,0,393.61666666666656,397.0999999999999,400.5833333333333,404.06666666666666,409.0333333333333,412.51666666666665,417.4833333333333,420.96666666666664,425.9333333333333,430.89999999999986,435.86666666666656,200000
101,3493.9,0,3345.666666666668,3375.500000000002,3405.333333333334,3435.166666666667,3464.5333333333338,3494.366666666667,3523.7333333333336,3553.5666666666666,3582.9333333333334,3612.3,3641.666666666668,200000
102,699.65,0,664.2333333333331,670.7499999999998,677.2666666666664,683.7833333333332,691.7166666666665,698.2333333333332,706.1666666666665,712.6833333333333,720.6166666666666,728.5500000000002,736.4833333333331,200000
103,380.4,0,334.4666666666667,343.60000000000014,352.73333333333335,361.8666666666667,371.1333333333333,380.26666666666665,389.5333333333333,398.66666666666663,407.9333333333333,417.19999999999993,426.4666666666667,200000
104,102.5,0,97.60000000000002,98.40000000000003,99.2,100.0,101.25,102.05,103.3,104.1,105.35,106.6,107.84999999999997,200000
105,96.2,0,92.94999999999999,93.50000000000003,94.05000000000001,94.60000000000001,95.4,95.95,96.75,97.3,98.1,98.89999999999998,99.69999999999999,200000
106,1706.55,0,1652.7833333333328,1663.4499999999998,1674.1166666666666,1684.7833333333333,1695.6666666666665,1706.3333333333333,1717.2166666666665,1727.8833333333332,1738.7666666666664,1749.6499999999996,1760.5333333333328,200000
107,3071.5,0,3002.3499999999985,3017.699999999999,3033.0499999999993,3048.3999999999996,3059.9499999999994,3075.2999999999997,3086.8499999999995,3102.2,3113.7499999999995,3125.2999999999993,3136.8499999999985,200000
108,817.0,0,757.9166666666665,767.9000000000001,777.8833333333333,787.8666666666667,802.4333333333333,812.4166666666666,826.9833333333332,836.9666666666666,851.5333333333332,866.0999999999999,880.6666666666665,200000
109,111.65,0,105.31666666666666,106.65,107.98333333333335,109.31666666666668,110.48333333333335,111.81666666666668,112.98333333333335,114.31666666666668,115.48333333333335,116.65,117.81666666666666,200000
110,17350.1,0,16655.46666666666,16794.09999999999,16932.73333333333,17071.366666666665,17210.73333333333,17349.366666666665,17488.73333333333,17627.366666666665,17766.73333333333,17906.09999999999,18045.46666666666,200000
111,17.05,0,16.39999999999999,16.549999999999997,16.699999999999996,16.849999999999998,16.949999999999996,17.099999999999998,17.199999999999996,17.349999999999998,17.449999999999996,17.549999999999997,17.64999999999999,200000
112,5297.0,0,4647.716666666667,4775.800000000003,4903.883333333334,5031.966666666667,5164.483333333334,5292.566666666667,5425.083333333333,5553.166666666666,5685.6833333333325,5818.199999999999,5950.716666666665,200000
113,581.5,0,521.5333333333333,534.8000000000002,548.0666666666667,561.3333333333334,571.4166666666667,584.6833333333334,594.7666666666668,608.0333333333334,618.1166666666668,628.2,638.2833333333335,200000
114,41.55,0,36.60000000000002,37.75,38.900000000000006,40.050000000000004,40.800000000000004,41.95,42.7,43.85,44.6,45.35000000000001,46.099999999999994,200000
115,38702.05,0,37414.80000000002,37654.85000000002,37894.90000000001,38134.950000000004,38418.50000000001,38658.55,38942.100000000006,39182.15,39465.700000000004,39749.250000000015,40032.80000000002,200000
116,2088.5,0,1921.8833333333323,1950.2999999999984,1978.7166666666662,2007.133333333333,2047.8166666666662,2076.233333333333,2116.916666666666,2145.333333333333,2186.0166666666664,2226.6999999999994,2267.383333333333,200000
117,176.8,0,166.30000000000007,167.90000000000003,169.50000000000006,171.10000000000002,173.95000000000007,175.55000000000004,178.4000000000001,180.00000000000006,182.8500000000001,185.70000000000016,188.55000000000018,200000
118,3615.85,0,3457.3666666666686,3486.750000000002,3516.1333333333346,3545.5166666666673,3580.6833333333343,3610.066666666667,3645.233333333334,3674.616666666667,3709.7833333333338,3744.95,3780.116666666667,200000
119,52.05,0,49.73333333333335,50.249999999999986,50.766666666666666,51.28333333333333,51.66666666666667,52.18333333333334,52.56666666666668,53.08333333333334,53.46666666666668,53.85000000000004,54.23333333333335,200000
120,968.45,0,869.9000000000001,886.3500000000001,902.8000000000002,919.2500000000001,943.8500000000001,960.3000000000001,984.9000000000001,1001.35,1025.95,1050.5499999999997,1075.15,200000
121,249.05,0,228.53333333333342,231.95,235.36666666666667,238.78333333333333,243.91666666666669,247.33333333333334,252.4666666666667,255.88333333333335,261.0166666666667,266.1500000000001,271.2833333333334,200000
122,401.85,0,374.9499999999996,379.7499999999999,384.54999999999984,389.3499999999999,395.59999999999985,400.3999999999999,406.64999999999986,411.44999999999993,417.6999999999999,423.95000000000005,430.1999999999998,200000
123,1253.0,0,1212.666666666667,1219.0,1225.3333333333335,1231.6666666666667,1242.3333333333335,1248.6666666666667,1259.3333333333335,1265.6666666666667,1276.3333333333335,1287.0,1297.666666666667,200000
124,705.15,0,680.8000000000002,684.8500000000004,688.9000000000001,692.95,699.0500000000001,703.1,709.2,713.25,719.35,725.4500000000003,731.5500000000002,200000
125,189.55,0,177.11666666666667,179.45,181.7833333333333,184.11666666666665,186.83333333333331,189.16666666666666,191.88333333333333,194.21666666666667,196.93333333333334,199.6500000000001,202.36666666666667,200000
126,2576.1,0,2476.249999999999,2494.2,2512.1499999999996,2530.1,2553.0999999999995,2571.0499999999997,2594.0499999999993,2611.9999999999995,2634.999999999999,2657.999999999999,2680.999999999998,200000
127,1566.2,0,1495.2999999999993,1508.1999999999994,1521.1,1534.0,1550.1,1563.0,1579.1,1592.0,1608.1,1624.1999999999994,1640.2999999999993,200000
128,183.8,0,165.58333333333337,168.60000000000002,171.6166666666667,174.63333333333335,179.2166666666667,182.23333333333335,186.8166666666667,189.83333333333334,194.41666666666669,199.0,203.58333333333337,200000
129,7704.05,0,7244.883333333331,7326.1500000000015,7407.416666666665,7488.6833333333325,7596.366666666665,7677.633333333332,7785.316666666665,7866.583333333332,7974.266666666665,8081.949999999999,8189.633333333328,200000
130,2203.75,0,2081.383333333334,2108.05,2134.716666666667,2161.3833333333337,2182.566666666667,2209.2333333333336,2230.416666666667,2257.0833333333335,2278.266666666667,2299.4500000000007,2320.633333333333,200000
131,2863.95,0,2739.25,2761.6499999999996,2784.0499999999997,2806.45,2835.2,2857.6,2886.35,2908.75,2937.5,2966.25,2995.0,200000
132,421.9,0,390.14999999999964,396.4999999999998,402.84999999999985,409.19999999999993,415.54999999999984,421.8999999999999,428.24999999999983,434.5999999999999,440.9499999999998,447.2999999999997,453.64999999999964,200000
133,1843.85,0,1538.4666666666672,1613.8500000000004,1689.2333333333336,1764.6166666666668,1804.2333333333336,1879.6166666666668,1919.2333333333336,1994.6166666666668,2034.2333333333336,2073.8500000000004,2113.466666666667,200000
134,1094.75,0,1050.4500000000007,1058.8500000000004,1067.2500000000002,1075.65,1085.2000000000003,1093.6000000000001,1103.1500000000003,1111.5500000000002,1121.1000000000004,1130.6500000000005,1140.2000000000007,200000
135,4367.35,0,4133.600000000002,4169.450000000003,4205.300000000001,4241.150000000001,4304.250000000001,4340.1,4403.200000000001,4439.05,4502.150000000001,4565.250000000002,4628.350000000002,200000
136,109166.15,0,105457.33333333331,106268.25,107079.16666666666,107890.08333333333,108528.11666666665,109339.03333333333,109977.06666666665,110787.98333333332,111426.01666666665,112064.04999999999,112702.08333333331,200000
137,1776.95,0,1704.3499999999995,1717.849999999999,1731.3499999999995,1744.8499999999997,1760.8999999999996,1774.3999999999999,1790.4499999999998,1803.95,1820.0,1836.0500000000006,1852.0999999999995,200000
138,144.9,0,139.86666666666667,140.89999999999998,141.93333333333334,142.96666666666667,143.93333333333334,144.96666666666667,145.93333333333334,146.96666666666667,147.93333333333334,148.89999999999998,149.86666666666667,200000
139,713.45,0,692.8833333333332,696.2499999999995,699.6166666666667,702.9833333333333,708.2166666666667,711.5833333333334,716.8166666666667,720.1833333333334,725.4166666666667,730.6499999999999,735.8833333333337,200000
140,5848.95,0,5246.4000000000015,5361.050000000003,5475.700000000001,5590.35,5719.650000000001,5834.3,5963.6,6078.25,6207.55,6336.850000000002,6466.1500000000015,200000
141,,0,,,,,,,,,,,,200000
142,77.6,0,71.26666666666665,72.39999999999998,73.53333333333332,74.66666666666666,76.13333333333333,77.26666666666667,78.73333333333333,79.86666666666667,81.33333333333334,82.80000000000004,84.26666666666668,200000
143,6511.05,0,5882.066666666666,5991.049999999999,6100.033333333333,6209.016666666666,6360.033333333333,6469.016666666666,6620.033333333333,6729.016666666666,6880.033333333333,7031.049999999999,7182.066666666666,200000
144,90.8,0,87.33333333333331,87.99999999999994,88.66666666666666,89.33333333333333,90.06666666666666,90.73333333333333,91.46666666666667,92.13333333333334,92.86666666666667,93.6,94.33333333333331,200000
145,230.75,0,222.5333333333332,223.95,225.36666666666662,226.7833333333333,228.76666666666662,230.1833333333333,232.16666666666663,233.58333333333331,235.56666666666663,237.55000000000007,239.5333333333333,200000
146,5205.25,0,4899.666666666668,4953.25,5006.833333333334,5060.416666666667,5132.833333333334,5186.416666666667,5258.833333333334,5312.416666666667,5384.833333333334,5457.25,5529.666666666668,200000
147,88.5,0,84.0,84.69999999999999,85.39999999999999,86.1,87.3,88.0,89.2,89.9,91.10000000000001,92.30000000000001,93.5,200000
148,2260.7,0,2053.633333333334,2097.3,2140.966666666667,2184.6333333333337,2222.666666666667,2266.3333333333335,2304.366666666667,2348.0333333333333,2386.0666666666666,2424.0999999999995,2462.133333333333,200000
149,261.8,0,240.98333333333335,244.29999999999995,247.61666666666667,250.93333333333334,256.3666666666667,259.68333333333334,265.1166666666667,268.43333333333334,273.8666666666667,279.29999999999995,284.73333333333335,200000
150,1698.95,0,1553.5999999999995,1588.9499999999998,1624.2999999999997,1659.6499999999999,1679.2999999999997,1714.6499999999999,1734.2999999999997,1769.6499999999999,1789.2999999999997,1808.9499999999998,1828.5999999999995,200000
151,2754.15,0,2618.000000000002,2648.750000000002,2679.500000000001,2710.2500000000005,2732.2000000000007,2762.9500000000003,2784.9000000000005,2815.65,2837.6000000000004,2859.55,2881.500000000001,200000
152,163.4,0,151.04999999999995,152.9999999999999,154.94999999999996,156.89999999999998,160.14999999999998,162.1,165.35,167.3,170.55,173.8,177.05,200000
153,37480.25,0,35644.19999999998,36085.64999999998,36527.09999999999,36968.549999999996,37224.399999999994,37665.85,37921.7,38363.15,38619.0,38874.84999999999,39130.7,200000
154,4645.75,0,4298.583333333332,4355.950000000001,4413.316666666667,4470.683333333333,4558.216666666666,4615.583333333333,4703.116666666666,4760.483333333333,4848.0166666666655,4935.549999999999,5023.083333333332,200000
155,419.85,0,404.79999999999995,407.2500000000001,409.70000000000005,412.15000000000003,416.0,418.45,422.29999999999995,424.74999999999994,428.5999999999999,432.4499999999997,436.29999999999995,200000
156,229.15,0,208.83333333333337,213.55,218.26666666666665,222.98333333333332,226.06666666666666,230.78333333333333,233.86666666666667,238.58333333333334,241.66666666666669,244.7500000000001,247.83333333333337,200000
157,2030.55,0,1926.1166666666668,1943.3499999999995,1960.5833333333335,1977.8166666666666,2004.1833333333334,2021.4166666666667,2047.7833333333335,2065.016666666667,2091.3833333333337,2117.7500000000005,2144.1166666666677,200000
158,1124.65,0,1078.2000000000003,1086.25,1094.3000000000002,1102.3500000000001,1113.5,1121.55,1132.6999999999998,1140.7499999999998,1151.8999999999996,1163.0499999999993,1174.1999999999994,200000
159,103.3,0,98.60000000000002,99.70000000000005,100.80000000000001,101.9,102.60000000000001,103.7,104.4,105.5,106.2,106.90000000000003,107.60000000000002,200000
160,295.0,0,267.7500000000001,271.9000000000001,276.05000000000007,280.20000000000005,287.6,291.75,299.15,303.29999999999995,310.69999999999993,318.0999999999999,325.4999999999999,200000
161,883.65,0,833.1166666666668,845.0500000000002,856.9833333333335,868.9166666666667,876.2833333333334,888.2166666666667,895.5833333333334,907.5166666666667,914.8833333333333,922.25,929.6166666666668,200000
162,594.95,0,570.1500000000003,574.3500000000001,578.5500000000002,582.7500000000001,588.8500000000001,593.0500000000001,599.1500000000001,603.35,609.45,615.55,621.6500000000001,200000
163,457.65,0,410.6666666666665,422.04999999999995,433.4333333333332,444.8166666666666,451.23333333333323,462.6166666666666,469.03333333333325,480.41666666666663,486.83333333333326,493.25,499.6666666666665,200000
164,1200.0,0,1144.9666666666662,1153.3999999999996,1161.8333333333333,1170.2666666666667,1185.1333333333332,1193.5666666666666,1208.4333333333332,1216.8666666666666,1231.7333333333331,1246.5999999999995,1261.4666666666662,200000
165,39.6,0,37.43333333333334,37.79999999999998,38.166666666666664,38.53333333333333,39.06666666666666,39.43333333333333,39.96666666666666,40.33333333333333,40.86666666666666,41.39999999999999,41.93333333333332,200000
166,529.75,0,502.9333333333334,507.85000000000036,512.7666666666668,517.6833333333334,523.7166666666667,528.6333333333333,534.6666666666666,539.5833333333333,545.6166666666666,551.6499999999999,557.6833333333332,200000
167,738.0,0,681.9166666666665,690.5,699.0833333333333,707.6666666666666,722.8333333333333,731.4166666666666,746.5833333333333,755.1666666666666,770.3333333333333,785.5,800.6666666666665,200000
168,1677.8,0,1589.6833333333343,1604.7000000000007,1619.7166666666672,1634.7333333333336,1656.266666666667,1671.2833333333335,1692.816666666667,1707.8333333333335,1729.366666666667,1750.9000000000005,1772.4333333333343,200000
169,282.4,0,265.3499999999998,268.29999999999984,271.2499999999999,274.19999999999993,278.2999999999999,281.24999999999994,285.3499999999999,288.29999999999995,292.3999999999999,296.4999999999998,300.5999999999999,200000
170,12.0,0,10.683333333333337,10.900000000000002,11.116666666666667,11.333333333333334,11.666666666666666,11.883333333333333,12.216666666666665,12.433333333333332,12.766666666666664,13.099999999999994,13.43333333333333,200000
171,4011.45,0,3754.1833333333343,3807.9500000000007,3861.716666666667,3915.4833333333336,3963.466666666667,4017.2333333333336,4065.216666666667,4118.983333333334,4166.966666666667,4214.950000000001,4262.933333333334,200000
172,146.85,0,140.7333333333334,141.85000000000002,142.9666666666667,144.08333333333334,145.4666666666667,146.58333333333334,147.9666666666667,149.08333333333334,150.4666666666667,151.85000000000002,153.2333333333334,200000
173,1319.25,0,1178.5166666666669,1201.5500000000002,1224.5833333333335,1247.6166666666668,1283.4333333333334,1306.4666666666667,1342.2833333333333,1365.3166666666666,1401.1333333333332,1436.9499999999998,1472.7666666666664,200000
174,599.1,0,571.4333333333334,576.2,580.9666666666667,585.7333333333333,592.4166666666667,597.1833333333334,603.8666666666668,608.6333333333334,615.3166666666668,622.0000000000002,628.6833333333336,200000
175,3537.45,0,3332.0666666666675,3374.050000000001,3416.0333333333338,3458.016666666667,3497.7333333333336,3539.7166666666667,3579.4333333333334,3621.4166666666665,3661.133333333333,3700.8499999999995,3740.5666666666675,200000
176,3141.25,0,2780.583333333334,2848.4500000000016,2916.3166666666675,2984.183333333334,3062.716666666667,3130.5833333333335,3209.116666666667,3276.983333333333,3355.5166666666664,3434.0499999999984,3512.583333333334,200000
177,324.1,0,304.9000000000001,309.10000000000014,313.3,317.5,320.8,325.0,328.3,332.5,335.8,339.10000000000014,342.4000000000001,200000
178,838.85,0,792.7833333333333,800.3500000000001,807.9166666666665,815.4833333333332,827.1666666666665,834.7333333333332,846.4166666666665,853.9833333333332,865.6666666666665,877.3500000000001,889.0333333333333,200000
179,30441.8,0,29261.600000000006,29496.20000000001,29730.800000000003,29965.4,30203.600000000002,30438.2,30676.4,30911.0,31149.2,31387.40000000001,31625.600000000006,200000
180,1160.05,0,1103.3833333333332,1112.0500000000002,1120.7166666666665,1129.3833333333332,1144.7166666666665,1153.3833333333332,1168.7166666666665,1177.3833333333332,1192.7166666666665,1208.0500000000002,1223.3833333333332,200000
181,3269.6,0,3150.633333333333,3176.800000000002,3202.966666666667,3229.1333333333337,3249.366666666667,3275.5333333333333,3295.7666666666664,3321.933333333333,3342.166666666666,3362.3999999999987,3382.633333333333,200000
182,1213.25,0,1126.433333333333,1139.85,1153.2666666666664,1166.6833333333332,1189.9666666666665,1203.3833333333332,1226.6666666666665,1240.0833333333333,1263.3666666666666,1286.6499999999996,1309.9333333333334,200000
183,2092.65,0,1984.7999999999993,2006.8499999999985,2028.8999999999996,2050.95,2071.7999999999997,2093.85,2114.7,2136.75,2157.6,2178.449999999999,2199.2999999999993,200000
184,3315.6,0,3121.8500000000004,3154.499999999999,3187.1499999999996,3219.7999999999997,3267.7,3300.35,3348.25,3380.9,3428.8,3476.7000000000007,3524.6000000000004,200000
185,235.4,0,219.79999999999995,223.19999999999993,226.6,230.0,232.7,236.1,238.79999999999998,242.2,244.89999999999998,247.5999999999999,250.29999999999995,200000
186,1031.25,0,970.1833333333338,982.5500000000006,994.916666666667,1007.2833333333334,1019.2666666666669,1031.6333333333334,1043.6166666666668,1055.9833333333336,1067.966666666667,1079.9500000000007,1091.9333333333338,200000
187,727.6,0,679.3666666666663,687.4999999999995,695.6333333333331,703.7666666666665,715.6833333333332,723.8166666666666,735.7333333333332,743.8666666666667,755.7833333333333,767.7,779.6166666666668,200000
188,56.65,0,53.150000000000034,53.85000000000001,54.55000000000001,55.25000000000001,55.95000000000001,56.650000000000006,57.35000000000001,58.050000000000004,58.75000000000001,59.44999999999999,60.150000000000006,200000
189,129.2,0,122.29999999999995,123.49999999999989,124.69999999999996,125.89999999999998,127.54999999999995,128.74999999999997,130.39999999999995,131.59999999999997,133.24999999999994,134.89999999999992,136.5499999999999,200000
190,549.4,0,524.1833333333334,530.2999999999997,536.4166666666666,542.5333333333333,545.9666666666667,552.0833333333334,555.5166666666668,561.6333333333334,565.0666666666668,568.5000000000002,571.9333333333336,200000
191,5155.25,0,4997.466666666667,5036.850000000002,5076.233333333334,5115.616666666667,5135.433333333333,5174.816666666667,5194.633333333333,5234.016666666666,5253.833333333333,5273.6500000000015,5293.466666666667,200000
192,429.4,0,391.53333333333353,397.4000000000001,403.26666666666677,409.1333333333334,419.26666666666677,425.1333333333334,435.26666666666677,441.1333333333334,451.26666666666677,461.4000000000001,471.53333333333353,200000
193,713.1,0,654.1333333333332,667.0999999999999,680.0666666666666,693.0333333333333,703.0666666666666,716.0333333333333,726.0666666666666,739.0333333333333,749.0666666666666,759.0999999999999,769.1333333333332,200000
194,4141.5,0,3691.2666666666646,3772.2999999999975,3853.333333333332,3934.3666666666663,4037.9333333333325,4118.966666666666,4222.533333333333,4303.566666666666,4407.133333333332,4510.699999999997,4614.266666666665,200000
195,226.7,0,209.83333333333326,212.89999999999998,215.9666666666666,219.0333333333333,222.86666666666662,225.9333333333333,229.76666666666662,232.83333333333331,236.66666666666663,240.5,244.33333333333326,200000
196,5108.8,0,4515.766666666663,4649.399999999998,4783.033333333332,4916.666666666666,5012.733333333332,5146.366666666666,5242.433333333332,5376.066666666666,5472.133333333331,5568.199999999997,5664.266666666663,200000
197,1871.8,0,1689.0666666666666,1725.8000000000002,1762.5333333333333,1799.2666666666667,1835.5333333333333,1872.2666666666667,1908.5333333333333,1945.2666666666667,1981.5333333333333,2017.8000000000002,2054.0666666666666,200000
198,3345.1,0,3056.1833333333325,3104.499999999999,3152.8166666666657,3201.1333333333328,3273.116666666666,3321.433333333333,3393.416666666666,3441.733333333333,3513.7166666666662,3585.7000000000007,3657.6833333333325,200000
199,377.65,0,360.4166666666663,363.3499999999998,366.2833333333332,369.2166666666666,373.4333333333332,376.3666666666666,380.58333333333326,383.51666666666665,387.7333333333333,391.95000000000005,396.1666666666665,200000
200,1532.0,0,1462.666666666667,1476.0,1489.3333333333335,1502.6666666666667,1517.3333333333335,1530.6666666666667,1545.3333333333335,1558.6666666666667,1573.3333333333335,1588.0,1602.666666666667,200000
201,938.9,0,856.5666666666666,870.8000000000002,885.0333333333333,899.2666666666667,919.0833333333333,933.3166666666666,953.1333333333332,967.3666666666666,987.1833333333332,1006.9999999999998,1026.8166666666666,200000
202,1192.6,0,1122.6166666666668,1136.7000000000007,1150.7833333333335,1164.8666666666668,1178.7333333333336,1192.8166666666668,1206.6833333333336,1220.7666666666669,1234.6333333333337,1248.5000000000005,1262.3666666666672,200000
203,442.2,0,422.01666666666665,425.70000000000005,429.3833333333333,433.06666666666666,437.6333333333333,441.31666666666666,445.8833333333333,449.56666666666666,454.1333333333333,458.70000000000005,463.26666666666665,200000
204,63.85,0,57.89999999999998,58.849999999999966,59.8,60.75,62.3,63.25,64.8,65.75,67.3,68.84999999999998,70.39999999999998,200000
205,417.2,0,396.4999999999998,401.4999999999998,406.4999999999999,411.49999999999994,414.3499999999999,419.34999999999997,422.19999999999993,427.2,430.04999999999995,432.9,435.7499999999998,200000
206,920.0,0,863.5166666666664,876.3999999999999,889.2833333333333,902.1666666666666,911.0833333333334,923.9666666666667,932.8833333333334,945.7666666666668,954.6833333333335,963.6000000000004,972.5166666666669,200000
207,3648.3,0,3560.2000000000007,3580.4000000000015,3600.6000000000004,3620.8,3634.55,3654.75,3668.5,3688.7,3702.45,3716.2,3729.9500000000007,200000
208,5230.0,0,5067.199999999997,5100.399999999998,5133.5999999999985,5166.799999999999,5198.399999999999,5231.599999999999,5263.199999999999,5296.4,5327.999999999999,5359.5999999999985,5391.199999999997,200000
209,47.0,0,43.83333333333334,44.400000000000006,44.966666666666676,45.53333333333334,46.26666666666667,46.833333333333336,47.56666666666667,48.13333333333333,48.86666666666667,49.599999999999994,50.33333333333334,200000
210,1608.5,0,1542.0666666666675,1552.800000000001,1563.5333333333338,1574.2666666666669,1591.3833333333337,1602.1166666666668,1619.2333333333336,1629.9666666666667,1647.0833333333335,1664.2000000000003,1681.3166666666675,200000
211,322.1,0,308.61666666666656,311.0999999999999,313.5833333333333,316.06666666666666,319.0833333333333,321.56666666666666,324.5833333333333,327.06666666666666,330.0833333333333,333.0999999999999,336.11666666666656,200000
212,2162.05,0,2023.4833333333336,2052.55,2081.616666666667,2110.6833333333334,2136.366666666667,2165.4333333333334,2191.116666666667,2220.1833333333334,2245.866666666667,2271.55,2297.2333333333336,200000
213,3029.2,0,2938.7333333333354,2960.500000000001,2982.2666666666673,3004.0333333333338,3016.6166666666672,3038.3833333333337,3050.966666666667,3072.7333333333336,3085.316666666667,3097.8999999999996,3110.4833333333336,200000
214,946.9,0,885.0999999999999,899.0999999999999,913.1,927.1,937.0,951.0,960.9,974.9,984.8,994.6999999999998,1004.5999999999999,200000
215,1316.85,0,1181.15,1205.15,1229.15,1253.15,1285.0,1309.0,1340.85,1364.85,1396.6999999999998,1428.5499999999997,1460.3999999999996,200000
216,6772.05,0,6509.399999999998,6568.549999999999,6627.699999999999,6686.849999999999,6729.449999999999,6788.599999999999,6831.199999999999,6890.349999999999,6932.949999999999,6975.549999999999,7018.149999999998,200000
217,259.5,0,241.23333333333335,244.5,247.7666666666667,251.03333333333336,255.2666666666667,258.53333333333336,262.7666666666667,266.03333333333336,270.2666666666667,274.50000000000006,278.73333333333335,200000
218,138.15,0,127.38333333333327,129.14999999999998,130.91666666666663,132.6833333333333,135.41666666666663,137.1833333333333,139.91666666666663,141.6833333333333,144.41666666666663,147.14999999999998,149.88333333333327,200000
219,237.85,0,209.23333333333335,213.64999999999998,218.0666666666667,222.48333333333335,230.16666666666669,234.58333333333334,242.26666666666668,246.68333333333334,254.36666666666667,262.04999999999995,269.73333333333335,200000
220,385.0,0,365.5666666666664,368.69999999999993,371.83333333333326,374.96666666666664,379.98333333333323,383.1166666666666,388.1333333333332,391.2666666666666,396.2833333333332,401.2999999999997,406.3166666666664,200000
221,824.95,0,774.7666666666664,782.9499999999998,791.1333333333332,799.3166666666666,812.1333333333332,820.3166666666666,833.1333333333332,841.3166666666666,854.1333333333332,866.9499999999998,879.7666666666664,200000
222,15838.8,0,15029.599999999999,15222.200000000004,15414.8,15607.4,15723.099999999999,15915.699999999999,16031.399999999998,16223.999999999998,16339.699999999997,16455.399999999998,16571.1,200000
223,334.0,0,317.83333333333326,321.0,324.16666666666663,327.3333333333333,330.66666666666663,333.8333333333333,337.16666666666663,340.3333333333333,343.66666666666663,347.0,350.33333333333326,200000
224,480.35,0,465.95000000000005,468.8499999999999,471.75000000000006,474.65000000000003,477.50000000000006,480.40000000000003,483.25000000000006,486.15000000000003,489.00000000000006,491.8499999999999,494.70000000000005,200000
225,1140.85,0,1060.5999999999995,1079.2499999999995,1097.8999999999999,1116.55,1128.6999999999998,1147.35,1159.4999999999998,1178.1499999999999,1190.2999999999997,1202.4499999999994,1214.5999999999995,200000
226,295.05,0,282.98333333333323,285.64999999999986,288.3166666666666,290.9833333333333,293.01666666666665,295.68333333333334,297.7166666666667,300.3833333333334,302.41666666666674,304.45000000000005,306.48333333333346,200000
227,1794.4,0,1743.2833333333328,1751.5000000000005,1759.7166666666667,1767.9333333333334,1781.1666666666665,1789.3833333333332,1802.6166666666663,1810.833333333333,1824.0666666666662,1837.2999999999988,1850.5333333333328,200000
228,656.35,0,511.5166666666669,545.2500000000002,578.9833333333336,612.7166666666668,634.5333333333335,668.2666666666668,690.0833333333335,723.8166666666667,745.6333333333334,767.45,789.2666666666669,200000
229,1624.55,0,1594.5666666666666,1600.0500000000002,1605.5333333333333,1611.0166666666667,1617.7833333333333,1623.2666666666667,1630.0333333333333,1635.5166666666667,1642.2833333333333,1649.0500000000002,1655.8166666666666,200000
230,1005.0,0,974.7833333333338,981.1000000000001,987.4166666666667,993.7333333333333,999.3666666666668,1005.6833333333334,1011.3166666666668,1017.6333333333334,1023.2666666666669,1028.9000000000005,1034.5333333333338,200000
231,467.45,0,449.81666666666683,453.0500000000002,456.2833333333334,459.5166666666667,463.4833333333334,466.7166666666667,470.6833333333334,473.9166666666667,477.8833333333334,481.85000000000014,485.81666666666683,200000
232,447.7,0,412.9333333333334,421.10000000000025,429.26666666666677,437.4333333333334,442.5666666666667,450.73333333333335,455.8666666666667,464.0333333333333,469.16666666666663,474.29999999999984,479.4333333333334,200000
233,466.2,0,413.01666666666665,425.70000000000005,438.3833333333333,451.06666666666666,458.6333333333333,471.31666666666666,478.8833333333333,491.56666666666666,499.1333333333333,506.70000000000005,514.2666666666667,200000
234,989.35,0,906.0999999999999,921.9499999999998,937.8,953.65,971.5,987.35,1005.2,1021.0500000000001,1038.9,1056.7500000000002,1074.6,200000
235,1613.3,0,1512.6333333333332,1529.1000000000004,1545.5666666666666,1562.0333333333333,1587.6666666666665,1604.1333333333332,1629.7666666666664,1646.2333333333331,1671.8666666666663,1697.4999999999995,1723.1333333333332,200000
236,198.45,0,181.83333333333326,185.75,189.66666666666663,193.58333333333331,196.01666666666662,199.9333333333333,202.36666666666662,206.2833333333333,208.7166666666666,211.14999999999998,213.58333333333326,200000
237,5501.8,0,5120.983333333334,5196.299999999999,5271.616666666667,5346.933333333333,5424.366666666667,5499.683333333333,5577.116666666667,5652.433333333333,5729.866666666667,5807.299999999999,5884.733333333334,200000
238,1744.55,0,1608.2333333333336,1639.9499999999994,1671.6666666666665,1703.3833333333332,1723.9666666666667,1755.6833333333334,1776.2666666666669,1807.9833333333336,1828.566666666667,1849.150000000001,1869.7333333333336,200000
239,1259.75,0,1179.083333333333,1197.25,1215.4166666666665,1233.5833333333333,1246.6666666666665,1264.8333333333333,1277.9166666666665,1296.0833333333333,1309.1666666666665,1322.25,1335.333333333333,200000
240,1661.5,0,1608.2666666666655,1616.199999999999,1624.1333333333328,1632.0666666666664,1646.7833333333328,1654.7166666666665,1669.433333333333,1677.3666666666666,1692.083333333333,1706.7999999999997,1721.5166666666655,200000
241,45.75,0,42.98333333333332,43.64999999999998,44.316666666666656,44.98333333333333,45.36666666666666,46.03333333333333,46.416666666666664,47.083333333333336,47.46666666666667,47.85000000000001,48.23333333333335,200000
242,660.55,0,620.2999999999997,627.7499999999998,635.1999999999999,642.65,651.5999999999999,659.05,667.9999999999999,675.4499999999999,684.3999999999999,693.3499999999997,702.2999999999997,200000
243,1021.3,0,954.0666666666675,964.9000000000005,975.7333333333338,986.5666666666668,1003.9333333333336,1014.7666666666668,1032.1333333333337,1042.9666666666667,1060.3333333333335,1077.7000000000003,1095.066666666667,200000
244,734.25,0,681.7166666666662,690.55,699.3833333333332,708.2166666666666,721.2333333333332,730.0666666666666,743.0833333333333,751.9166666666666,764.9333333333333,777.9500000000003,790.9666666666667,200000
245,143.6,0,121.39999999999998,126.29999999999995,131.2,136.1,139.85,144.75,148.5,153.4,157.15,160.89999999999998,164.64999999999998,200000
246,1250.85,0,1200.5333333333338,1210.15,1219.7666666666669,1229.3833333333334,1240.1166666666668,1249.7333333333333,1260.4666666666667,1270.0833333333333,1280.8166666666666,1291.5499999999997,1302.2833333333333,200000
247,3955.25,0,3806.866666666665,3837.649999999998,3868.4333333333325,3899.2166666666662,3927.2333333333327,3958.0166666666664,3986.033333333333,4016.8166666666666,4044.833333333333,4072.8499999999995,4100.866666666665,200000
248,1059.8,0,1010.0499999999997,1021.4999999999995,1032.9499999999998,1044.3999999999999,1052.1,1063.55,1071.25,1082.7,1090.4,1098.1,1105.8000000000002,200000
249,504.9,0,482.4166666666663,486.5999999999999,490.7833333333332,494.9666666666666,499.9333333333332,504.1166666666666,509.08333333333326,513.2666666666667,518.2333333333333,523.2,528.1666666666665,200000
250,396.4,0,377.29999999999995,381.60000000000014,385.9,390.2,393.29999999999995,397.59999999999997,400.69999999999993,404.99999999999994,408.0999999999999,411.19999999999993,414.29999999999995,200000
251,762.6,0,705.1999999999998,717.7999999999997,730.4,743.0,752.8,765.4,775.1999999999999,787.8,797.5999999999999,807.3999999999996,817.1999999999998,200000
252,1775.0,0,1690.9666666666662,1708.3999999999996,1725.8333333333333,1743.2666666666667,1759.1333333333332,1776.5666666666666,1792.4333333333332,1809.8666666666666,1825.7333333333331,1841.5999999999995,1857.4666666666662,200000
253,2760.75,0,2678.7333333333336,2696.550000000001,2714.366666666667,2732.1833333333334,2746.4666666666667,2764.2833333333333,2778.5666666666666,2796.383333333333,2810.6666666666665,2824.9500000000007,2839.2333333333336,200000
254,539.95,0,503.75,509.6500000000001,515.5500000000001,521.45,530.7,536.6,545.85,551.75,561.0,570.25,579.5,200000
255,2665.05,0,2495.1833333333325,2535.1500000000005,2575.116666666667,2615.0833333333335,2640.0666666666666,2680.0333333333333,2705.0166666666664,2744.983333333333,2769.9666666666662,2794.95,2819.9333333333325,200000
256,1338.15,0,1200.4000000000005,1234.0500000000006,1267.7000000000003,1301.3500000000001,1319.7500000000002,1353.4,1371.8000000000002,1405.45,1423.8500000000001,1442.2500000000005,1460.6500000000005,200000
257,2507.65,0,2200.333333333334,2247.750000000001,2295.166666666667,2342.5833333333335,2425.116666666667,2472.5333333333333,2555.0666666666666,2602.483333333333,2685.0166666666664,2767.55,2850.083333333333,200000
258,450.0,0,411.6333333333332,420.4999999999999,429.3666666666667,438.23333333333335,444.1166666666667,452.98333333333335,458.8666666666667,467.73333333333335,473.6166666666667,479.4999999999999,485.3833333333332,200000
259,35.35,0,31.283333333333303,32.04999999999998,32.816666666666656,33.58333333333333,34.466666666666654,35.23333333333333,36.11666666666665,36.883333333333326,37.76666666666665,38.64999999999998,39.5333333333333,200000
260,265.45,0,257.2166666666667,258.54999999999995,259.8833333333334,261.2166666666667,263.33333333333337,264.6666666666667,266.78333333333336,268.1166666666667,270.23333333333335,272.3499999999999,274.4666666666667,200000
261,285.5,0,271.75,275.0,278.25,281.5,283.5,286.75,288.75,292.0,294.0,296.0,298.0,200000
262,6700.0,0,6281.449999999997,6363.0999999999985,6444.749999999999,6526.4,6613.199999999999,6694.849999999999,6781.649999999999,6863.299999999999,6950.0999999999985,7036.899999999998,7123.699999999997,200000
263,937.0,0,898.7999999999997,906.0999999999995,913.3999999999999,920.6999999999999,928.8499999999999,936.15,944.3,951.6,959.75,967.8999999999999,976.0499999999997,200000
264,97.95,0,91.86666666666667,92.85000000000002,93.83333333333333,94.81666666666666,96.38333333333333,97.36666666666666,98.93333333333332,99.91666666666666,101.48333333333332,103.04999999999998,104.61666666666662,200000
265,166.75,0,157.21666666666675,159.05,160.88333333333338,162.7166666666667,164.73333333333338,166.5666666666667,168.58333333333337,170.41666666666669,172.43333333333337,174.45000000000005,176.4666666666667,200000
266,1384.25,0,1319.6833333333325,1331.35,1343.0166666666664,1354.6833333333332,1369.4666666666665,1381.1333333333332,1395.9166666666665,1407.5833333333333,1422.3666666666666,1437.1500000000005,1451.9333333333334,200000
267,34.85,0,32.89999999999999,33.349999999999994,33.8,34.25,34.55,35.0,35.3,35.75,36.05,36.349999999999994,36.64999999999999,200000
268,4632.4,0,4352.583333333336,4400.700000000004,4448.816666666668,4496.933333333334,4564.666666666668,4612.783333333334,4680.516666666667,4728.633333333333,4796.366666666667,4864.1,4931.833333333334,200000
269,775.45,0,733.6166666666672,741.0500000000006,748.4833333333337,755.9166666666669,765.6833333333336,773.1166666666668,782.8833333333336,790.3166666666667,800.0833333333335,809.8500000000001,819.6166666666668,200000
270,2711.1,0,2453.249999999998,2513.5999999999985,2573.9499999999994,2634.2999999999997,2672.6999999999994,2733.0499999999997,2771.4499999999994,2831.7999999999997,2870.1999999999994,2908.5999999999985,2946.999999999998,200000
271,510.55,0,457.45000000000005,465.45000000000005,473.45000000000005,481.45,496.0,504.0,518.55,526.55,541.1,555.6500000000001,570.2,200000
272,631.4,0,597.4000000000001,604.3,611.2,618.1,624.75,631.65,638.3,645.1999999999999,651.8499999999999,658.4999999999998,665.1499999999999,200000
273,749.7,0,711.4833333333331,719.6999999999998,727.9166666666666,736.1333333333333,742.9166666666666,751.1333333333333,757.9166666666666,766.1333333333333,772.9166666666666,779.6999999999998,786.4833333333331,200000
274,663.45,0,635.7166666666665,641.55,647.3833333333332,653.2166666666666,658.3333333333333,664.1666666666666,669.2833333333333,675.1166666666667,680.2333333333333,685.3500000000001,690.4666666666667,200000
275,1371.5,0,1329.2666666666655,1337.199999999999,1345.1333333333328,1353.0666666666664,1362.2833333333328,1370.2166666666665,1379.433333333333,1387.3666666666666,1396.583333333333,1405.7999999999997,1415.016666666666,200000
276,2129.75,0,2057.7333333333336,2070.6500000000015,2083.566666666667,2096.4833333333336,2113.116666666667,2126.0333333333333,2142.6666666666665,2155.583333333333,2172.2166666666662,2188.8499999999995,2205.4833333333327,200000
277,317.95,0,303.58333333333337,306.35,309.1166666666667,311.8833333333333,314.9166666666667,317.68333333333334,320.7166666666667,323.48333333333335,326.5166666666667,329.54999999999995,332.5833333333335,200000
278,727.65,0,634.6500000000001,653.7499999999998,672.8499999999999,691.9499999999999,709.8,728.9,746.75,765.85,783.7,801.5500000000002,819.4000000000001,200000
279,944.25,0,891.7000000000003,900.8500000000001,910.0,919.15,931.7,940.85,953.4000000000001,962.5500000000001,975.1000000000001,987.6500000000005,1000.2000000000003,200000
280,7453.5,0,7219.716666666667,7257.800000000003,7295.883333333334,7333.966666666667,7393.733333333334,7431.816666666667,7491.583333333333,7529.666666666666,7589.4333333333325,7649.199999999999,7708.9666666666635,200000
281,4806.2,0,4695.799999999999,4714.0999999999985,4732.4,4750.7,4778.45,4796.75,4824.5,4842.8,4870.55,4898.299999999999,4926.049999999999,200000
282,1071.2,0,1033.1499999999996,1039.0999999999995,1045.05,1051.0,1061.1,1067.05,1077.1499999999999,1083.1,1093.1999999999998,1103.2999999999993,1113.3999999999996,200000
283,793.15,0,767.1500000000001,772.7499999999998,778.3499999999999,783.9499999999999,788.55,794.15,798.75,804.35,808.95,813.5500000000002,818.1500000000001,200000
284,365.6,0,340.36666666666656,345.80000000000007,351.23333333333335,356.6666666666667,361.1333333333333,366.56666666666666,371.0333333333333,376.46666666666664,380.9333333333333,385.39999999999986,389.86666666666656,200000
285,74.9,0,68.16666666666666,69.39999999999998,70.63333333333333,71.86666666666666,73.38333333333333,74.61666666666666,76.13333333333333,77.36666666666666,78.88333333333333,80.39999999999998,81.91666666666666,200000
286,151.95,0,149.69999999999993,150.14999999999992,150.59999999999997,151.04999999999998,151.49999999999997,151.95,152.39999999999998,152.85,153.29999999999998,153.74999999999994,154.19999999999993,200000
287,1617.35,0,1543.7333333333327,1560.4500000000003,1577.1666666666665,1593.8833333333332,1605.6166666666666,1622.3333333333333,1634.0666666666666,1650.7833333333333,1662.5166666666667,1674.250000000001,1685.9833333333336,200000
288,125.95,0,121.94999999999999,122.75000000000003,123.55000000000001,124.35000000000001,125.15,125.95,126.75,127.55,128.35,129.14999999999998,129.95,200000
289,919.45,0,817.2000000000007,842.0500000000006,866.9000000000004,891.7500000000002,905.6000000000004,930.4500000000002,944.3000000000003,969.1500000000001,983.0000000000002,996.8500000000001,1010.7000000000003,200000
290,359.7,0,349.41666666666674,351.8000000000002,354.18333333333334,356.56666666666666,358.1333333333333,360.51666666666665,362.0833333333333,364.46666666666664,366.0333333333333,367.6,369.1666666666665,200000
291,295.6,0,282.55000000000007,284.5,286.45000000000005,288.40000000000003,292.0,293.95,297.54999999999995,299.49999999999994,303.0999999999999,306.6999999999998,310.29999999999984,200000
292,574.5,0,555.0666666666666,558.2999999999997,561.5333333333333,564.7666666666667,569.6333333333333,572.8666666666667,577.7333333333333,580.9666666666667,585.8333333333334,590.6999999999998,595.5666666666666,200000
293,331.0,0,314.7833333333333,318.0999999999999,321.4166666666667,324.73333333333335,327.8666666666667,331.18333333333334,334.31666666666666,337.6333333333333,340.76666666666665,343.89999999999986,347.0333333333333,200000
294,708.85,0,680.1333333333332,685.3499999999999,690.5666666666666,695.7833333333333,702.3166666666666,707.5333333333333,714.0666666666666,719.2833333333333,725.8166666666666,732.3499999999999,738.8833333333332,200000
295,659.5,0,628.4999999999998,635.6999999999998,642.8999999999999,650.0999999999999,654.8,662.0,666.7,673.9000000000001,678.6000000000001,683.3000000000002,688.0000000000002,200000
296,1104.85,0,1019.25,1032.9499999999998,1046.6499999999999,1060.35,1082.6,1096.3,1118.55,1132.25,1154.5,1176.75,1199.0,200000
297,896.3,0,846.1333333333328,856.5999999999995,867.0666666666664,877.5333333333332,886.9166666666664,897.3833333333332,906.7666666666664,917.2333333333332,926.6166666666664,935.9999999999995,945.3833333333328,200000
298,1019.8,0,964.1333333333332,975.5999999999999,987.0666666666666,998.5333333333333,1009.1666666666665,1020.6333333333332,1031.2666666666664,1042.7333333333331,1053.3666666666663,1063.9999999999995,1074.6333333333328,200000
299,133.7,0,126.5,127.89999999999998,129.29999999999998,130.7,132.2,133.6,135.1,136.5,138.0,139.5,141.0,200000
300,832.15,0,808.1833333333334,813.5499999999997,818.9166666666666,824.2833333333333,828.2166666666667,833.5833333333334,837.5166666666668,842.8833333333334,846.8166666666668,850.7500000000002,854.6833333333338,200000
