id,sector,symbol,token,PC,CC1,CC2,V,atr,atrPer,g,s,t,bulRP,berRP,atrV,vs,roc,rsi,rsi0,rsi1,rsi2,roc0,bulRPC,berRPC,alarmTimer,srT,srV,nSR,GL,ot,oc
1,Oil Gas & Consumable Fuels,RELIANCE-EQ,2885,2878.05,2837.95,2841.6,18582,3.1875360749647066,0.1121739891246025,green,"1.5, 2.0, 1.5","normal, normal",Bullish_Engulfing,none,12609.52478674364,"1.5, 2.0, 0.5","39.94228603603572, 29.07027960323473, 16.401248611184915","84.79532163742735, 76.14035087719235, 72.24489795918397",84.79532163742735,76.14035087719235,72.24489795918397,39.94228603603572,"none, Bullish_Engulfing","none, none",0,none,0,0,0,,
2,Information Technology,TCS-EQ,11536,3973.3,3966.0,3967.9,688,3.584676279758141,0.0903419007474518,green,"0.75, 3.0, 1.5","normal, normal",none,none,3195.622073153103,"0.25, 3.0, 3.0","35.03112477633028, 28.11396873424128, 10.229985223353989","82.54364089775578, 80.49450549450479, 62.04081632652987",82.54364089775578,80.49450549450479,62.04081632652987,35.03112477633028,"none, none","none, none",0,none,0,0,0,,
3,Financial Services,HDFCBANK-EQ,1333,1444.85,1485.3,1486.7,114862,1.148960092323829,0.0772825783496219,green,"2.0, 1.5, 1.5","normal, spn_top",none,none,72166.05379210624,"2.0, 1.5, 1.5","17.4883971211417, 11.782131555914631, 9.09121519243164","87.05882352941283, 79.31034482758837, 61.90476190476157",87.05882352941283,79.31034482758837,61.90476190476157,17.4883971211417,"none, none","none, none",0,none,0,0,0,,
4,Financial Services,ICICIBANK-EQ,4963,1023.5,1120.55,1121.5,75860,1.1995663961239431,0.1069608913173377,green,"1.5, 1.5, 2.0","normal, spn_top",none,none,51419.044604057606,"1.5, 1.0, 1.0","13.374944271065536, 0.4462094507157603, 1.3385686239502372","60.41666666666627, 51.28205128205009, 51.28205128205009",60.41666666666627,51.28205128205009,51.28205128205009,13.374944271065536,"Bullish_Engulfing, none","none, none",0,none,0,0,0,,
5,Fast Moving Consumer Goods,HINDUNILVR-EQ,1394,2419.5,2328.7,2328.7,4764,0.818463746597653,0.0351468092325182,red,"0.5, 0.5, 0.5","marubozu, normal",none,none,3071.4708109539342,"2.0, 2.0, 1.0","2.576544853351265, 2.14712071112638, -0.8588667253551118","57.14285714285899, 48.1927710843359, 56.56565656565833",57.14285714285899,48.1927710843359,56.56565656565833,2.576544853351265,"none, none","none, none",0,none,0,0,0,,
6,Information Technology,INFY-EQ,1594,1687.2,1429.8,1430.7,5635,1.1472139440400346,0.0801854996882669,green,"1.5, 1.5, 1.0","marubozu, normal",Bullish_Engulfing,none,5566.891329138329,"1.5, 1.5, 1.5","18.172922345705853, 7.343684431388688, 3.1490552834152936","61.81818181818176, 58.27814569536404, 50.34965034965002",61.81818181818176,58.27814569536404,50.34965034965002,18.172922345705853,"none, Bullish_Engulfing","none, none",0,none,0,0,0,,
7,Fast Moving Consumer Goods,ITC-EQ,1660,438.05,441.4,441.6,14860,0.3829252589300133,0.0867131474026298,green,"0.75, 1.5, 1.0","tweezer_b, normal",none,none,17355.157275274527,"1.0, 1.5, 1.0","10.190217391305378, 6.7965564114171855, 1.133016088828719","67.85714285714315, 55.55555555555509, 53.846153846154856",67.85714285714315,55.55555555555509,53.846153846154856,10.190217391305378,"none, none","none, none",0,none,0,0,0,,
8,Financial Services,SBIN-EQ,3045,642.95,812.4,813.25,51898,1.0932069287008852,0.1344244609530753,green,"1.5, 0.75, 1.5","normal, normal",none,none,42080.12927037668,"1.5, 1.0, 1.5","10.45189056255792, -1.2309207287053512, -7.9980312538449265","57.73195876288637, 40.20618556701012, 41.9354838709679",57.73195876288637,40.20618556701012,41.9354838709679,10.45189056255792,"Bullish_Engulfing, none","none, none",0,none,0,0,0,,
9,Telecommunication,BHARTIARTL-EQ,10604,1113.55,1289.9,1289.9,1339,0.8743258611337323,0.0677824529912188,green,"0.5, 0.75, 1.0","spn_top, normal",Bullish_Engulfing,none,5058.717916062298,"0.5, 0.5, 0.5","15.892704860843336, 11.241181486937323, 2.327475852437678","61.78861788617862, 59.84251968503881, 57.851239669421325",61.78861788617862,59.84251968503881,57.851239669421325,15.892704860843336,"none, Bullish_Engulfing","none, none",0,none,0,0,0,,
10,Financial Services,KOTAKBANK-EQ,1922,1808.35,1646.8,1646.45,34909,1.90494317677222,0.1157000319944255,red,"1.5, 1.0, 1.0","normal, hammer",hammer,none,30708.65490474468,"1.5, 0.75, 1.5","5.162622612287871, 11.233908185571469, 16.99802701472123","59.03614457831354, 63.90532544378675, 62.068965517241104",59.03614457831354,63.90532544378675,62.068965517241104,5.162622612287871,"none, hammer","none, none",0,none,0,0,0,,
11,Financial Services,BAJFINANCE-EQ,317,6608.2,6800.0,6803.4,2467,5.087996891043837,0.0747860906464979,green,"1.5, 1.0, 0.75","normal, marubozu",Bullish_Engulfing,none,1921.629173187465,"1.5, 1.5, 0.75","15.800923067877829, 6.397058823529947, -4.5615738901401786","62.6841243862516, 51.63934426229498, 43.632958801497495",62.6841243862516,51.63934426229498,43.632958801497495,15.800923067877829,"none, Bullish_Engulfing","none, none",0,none,0,0,0,,
12,Financial Services,LICI-EQ,9480,998.85,929.3,929.4,714,0.6347048924807335,0.0682918971896636,green,"0.75, 1.0, 1.0","hammer, normal",none,none,1098.4940063333877,"0.75, 1.0, 1.0","9.68366688185902, 5.918433229311897, 2.6910656620021527","59.15492957746488, 57.97101449275338, 44.73684210526323",59.15492957746488,57.97101449275338,44.73684210526323,9.68366688185902,"hammer, none","none, none",0,none,0,0,0,,
13,Construction,LT-EQ,11483,3341.75,3488.55,3489.35,8721,5.003807022765725,0.1434022675502808,green,"0.75, 1.5, 0.75","shooting_star, normal",Bullish_Engulfing,none,7759.680995567798,"1.5, 0.75, 0.5","53.73493630618884, 53.17395479497264, 34.01311729502407","87.57281553397974, 80.40665434380755, 73.44753747323264",87.57281553397974,80.40665434380755,73.44753747323264,53.73493630618884,"none, Bullish_Engulfing","shooting_star, none",0,none,0,0,0,,
14,Information Technology,HCLTECH-EQ,7229,1555.35,1309.15,1309.65,12627,0.8855960585248186,0.0676208191902278,green,"0.75, 0.75, 1.5","normal, spn_top",none,none,13583.91794109632,"1.0, 1.0, 0.75","8.399190623450053, 1.1457816140250616, -1.1458691417447076","58.66666666666788, 49.275362318841246, 43.24324324324291",58.66666666666788,49.275362318841246,43.24324324324291,8.399190623450053,"none, none","none, none",0,none,0,0,0,,
15,Consumer Durables,ASIANPAINT-EQ,236,2917.35,2832.9,2833.0,1797,2.6994699260040185,0.095286619343594,green,"0.75, 1.5, 0.75","normal, normal",none,none,2938.155828688668,"0.75, 0.75, 0.75","12.707377338510092, 10.236859755021676, 1.7658484901995408","64.01869158878529, 58.189655172414255, 43.85245901639335",64.01869158878529,58.189655172414255,43.85245901639335,12.707377338510092,"none, none","none, none",0,none,0,0,0,,
16,Financial Services,AXISBANK-EQ,5900,1061.5,1129.2,1130.1,25055,1.4951461285334735,0.1323021085331806,green,"1.5, 1.5, 1.0","tweezer_t, shooting_star",none,shooting_star,21325.701544726537,"1.5, 1.5, 1.5","-2.2121936111848512, 5.756287637266126, -0.8857003675668609","59.171597633135775, 50.306748466257375, 48.46625766871168",59.171597633135775,50.306748466257375,48.46625766871168,-2.2121936111848512,"Bullish_Engulfing, none","none, shooting_star",0,none,0,0,0,,
17,Automobile and Auto Components,MARUTI-EQ,10999,10428.55,12507.45,12511.1,1801,10.246901477132816,0.08190248241268,green,"1.5, 1.5, 1.0","shooting_star, normal",none,none,800.1856044448855,"3.0, 1.0, 0.75","13.268217822573844, 6.436164046229321, 3.598977890279161","62.44680851063907, 59.61098398169487, 57.26392251815993",62.44680851063907,59.61098398169487,57.26392251815993,13.268217822573844,"none, none","shooting_star, none",0,none,0,0,0,,
18,Healthcare,SUNPHARMA-EQ,3351,1463.8,1515.7,1517.05,6602,1.1379399751997548,0.0750100507695695,green,"2.0, 1.0, 1.0","marubozu, normal",none,none,4269.527520674257,"2.0, 1.5, 0.75","7.5805016314548865, -1.3195223329157846, 0.0","63.85542168674579, 57.74647887323891, 38.96103896103988",63.85542168674579,57.74647887323891,38.96103896103988,7.5805016314548865,"none, none","none, none",0,none,0,0,0,,
19,Consumer Durables,TITAN-EQ,3506,3552.05,3254.65,3256.45,5595,2.421280951614341,0.0743533894767105,green,"1.5, 0.75, 1.0","normal, hammer",hammer,none,4121.812666752486,"1.5, 1.5, 0.5","12.12977321930267, 1.9971425498904367, 2.304147465437788","61.18721461187151, 52.12765957446855, 46.009389671361966",61.18721461187151,52.12765957446855,46.009389671361966,12.12977321930267,"Bullish_Engulfing, hammer","none, none",0,none,0,0,0,,
20,Consumer Services,DMART-EQ,19913,3729.6,4767.9,4767.8,2498,2.267926402018049,0.0475675657959236,red,"0.0, 0.5, 0.5","doji, tweezer_t",none,none,2535.555233090723,"1.0, 0.75, 0.25","-2.412013926757909, -4.4044547914183685, -5.034137746595236","32.25806451612998, 34.39999999999418, 17.085427135676877",32.25806451612998,34.39999999999418,17.085427135676877,-2.412013926757909,"none, none","none, none",0,none,0,0,0,,
21,Construction Materials,ULTRACEMCO-EQ,11532,9916.35,9534.2,9533.75,252,5.1629024216882895,0.0541539522400764,red,"1.0, 1.0, 1.5","hammer, normal",Bullish_Engulfing,none,376.1627505532184,"0.75, 1.0, 1.0","3.880949259211462, 4.247865578654833, -0.2623239806090113","60.05586592178893, 60.56338028169014, 37.29281767956101",60.05586592178893,60.56338028169014,37.29281767956101,3.880949259211462,"hammer, Bullish_Engulfing","none, none",0,none,0,0,0,,
22,Fast Moving Consumer Goods,NESTLEIND-EQ,17963,2462.7,2534.65,2534.45,1261,1.7680648694972374,0.0697612842824769,red,"0.75, 1.5, 0.75","shooting_star, shooting_star",Bullish_Engulfing,shooting_star,2597.2971740794706,"0.5, 3.0, 1.5","22.68736806802265, 27.81449115262534, 22.89097187962578","83.09178743961338, 81.90476190476458, 80.20833333333599",83.09178743961338,81.90476190476458,80.20833333333599,22.68736806802265,"none, Bullish_Engulfing","shooting_star, shooting_star",0,none,0,0,0,,
23,Financial Services,BAJAJFINSV-EQ,16675,1614.9,1601.0,1602.75,3995,1.6716556367049475,0.1042992130216782,green,"1.5, 1.5, 1.0","normal, normal",Bullish_Engulfing,none,2324.44677268372,"2.0, 1.5, 0.75","22.773358290438875, 12.492192379762647, -7.5025790115354996","77.77777777777779, 52.6315789473677, 33.91304347826167",77.77777777777779,52.6315789473677,33.91304347826167,22.773358290438875,"none, Bullish_Engulfing","none, none",0,none,0,0,0,,
24,Information Technology,WIPRO-EQ,3787,482.35,462.9,463.35,10475,0.4621003666317084,0.0997303046577551,green,"1.5, 1.5, 1.5","marubozu, spn_top",none,none,7806.410349268419,"1.5, 1.5, 0.5","22.66105535772119, 8.641175199826685, 1.0804970286334168","64.40677966101711, 53.70370370370351, 50.98039215686296",64.40677966101711,53.70370370370351,50.98039215686296,22.66105535772119,"none, none","none, none",0,none,0,0,0,,
25,Metals & Mining,ADANIENT-EQ,25,3173.45,2848.85,2850.0,198,2.968106550343736,0.1041440894857451,green,"0.5, 1.5, 1.0","marubozu, normal",Bullish_Engulfing,none,883.321042767129,"0.25, 2.0, 0.75","3.859649122806698, 6.142829562806044, -10.5375928625371","58.841463414634376, 46.96132596685107, 36.66666666666617",58.841463414634376,46.96132596685107,36.66666666666617,3.859649122806698,"none, Bullish_Engulfing","none, none",0,none,0,0,0,,
26,Oil Gas & Consumable Fuels,ONGC-EQ,2475,262.95,276.45,276.45,20161,0.3319797261710879,0.1200867159237069,green,"0.5, 1.5, 1.0","spn_top, normal",Bullish_Engulfing,none,14810.681066601775,"1.5, 0.75, 0.5","10.851871947911429, 16.27780792186611, -5.432814197753612","62.16216216216283, 54.76190476190483, 44.44444444444445",62.16216216216283,54.76190476190483,44.44444444444445,10.851871947911429,"none, Bullish_Engulfing","none, none",0,none,0,0,0,,
27,Power,NTPC-EQ,11630,336.1,355.0,355.2,13928,0.3508697760656373,0.0987809054238843,green,"0.75, 1.5, 1.5","normal, marubozu",Bullish_Engulfing,none,11295.768949820553,"1.5, 0.75, 1.0","28.15315315315316, 16.901408450704867, 1.4096419509447808","72.2222222222224, 59.45945945945995, 50.0",72.2222222222224,59.45945945945995,50.0,28.15315315315316,"none, Bullish_Engulfing","none, none",0,none,0,0,0,,
28,Metals & Mining,JSWSTEEL-EQ,11723,814.65,864.65,865.0,4745,0.7825276280930863,0.0904656217448654,green,"1.0, 0.75, 0.5","normal, normal",Bullish_Engulfing,none,3205.5099732388944,"1.5, 1.5, 1.0","39.30635838150263, 30.648239171919013, 21.97929319220419","82.60869565217457, 71.87500000000097, 58.03571428571522",82.60869565217457,71.87500000000097,58.03571428571522,39.30635838150263,"none, Bullish_Engulfing","none, none",0,none,0,0,0,,
29,Power,POWERGRID-EQ,14977,282.9,301.5,301.85,31498,0.2977025586613361,0.0986259925994156,green,"1.5, 1.0, 1.5","marubozu, tweezer_b",none,none,21796.160545804218,"1.5, 1.0, 1.5","18.220970680802097, 6.633499170812226, 1.6589250165877414","70.3703703703696, 57.1428571428556, 45.45454545454452",70.3703703703696,57.1428571428556,45.45454545454452,18.220970680802097,"none, none","none, none",0,none,0,0,0,,
30,Automobile and Auto Components,M&M-EQ,2031,1703.55,2181.65,2181.0,3721,2.429631688248949,0.1113998940049953,red,"1.5, 1.0, 0.75","tweezer_t, normal",none,none,2909.2096198642403,"1.5, 1.5, 1.0","11.004126547455712, 12.14676964682736, 5.273173303987395","60.638297872339805, 60.31746031746146, 51.85185185185132",60.638297872339805,60.31746031746146,51.85185185185132,11.004126547455712,"none, none","none, none",0,none,0,0,0,,
31,Information Technology,LTIM-EQ,17818,5438.45,4700.0,4700.8,325,1.9456294331390729,0.0413893259262055,green,"0.5, 0.5, 0.25","marubozu, tweezer_t",none,none,1586.0577469772427,"0.25, 0.5, 0.75","16.592920353982688, 0.0, 0.8509733007119161","52.07253886010408, 49.73118279569796, 57.24637681159395",52.07253886010408,49.73118279569796,57.24637681159395,16.592920353982688,"none, none","none, none",0,none,0,0,0,,
32,Automobile and Auto Components,TATAMOTORS-EQ,3456,926.8,1008.1,1009.7,19202,1.1751393807201866,0.1163850035377029,green,"1.5, 1.5, 0.75","marubozu, tweezer_b",Bullish_Engulfing,none,12383.034294920122,"2.0, 0.5, 1.0","35.65415469941589, 21.82323182224031, 6.946511858688552","82.20338983050793, 60.185185185185006, 50.89285714285732",82.20338983050793,60.185185185185006,50.89285714285732,35.65415469941589,"none, Bullish_Engulfing","none, none",0,none,0,0,0,,
33,Power,ADANIGREEN-EQ,3563,1668.65,1729.75,1728.75,240,1.1476862091975752,0.0663882116672494,red,"1.5, 1.0, 0.25","normal, hammer",hammer,none,313.1402945467451,"1.0, 2.0, 0.75","13.88286334056452, 12.718600953895336, 11.851766202231335","57.792207792207584, 65.44117647058611, 50.57471264367891",57.792207792207584,65.44117647058611,50.57471264367891,13.88286334056452,"none, hammer","Bearish_Engulfing, none",0,none,0,0,0,,
34,Services,ADANIPORTS-EQ,15083,1258.55,1273.35,1273.65,2443,1.5867348468049915,0.1245817019436259,green,"0.5, 1.5, 0.75","tweezer_b, marubozu",Bullish_Engulfing,none,4511.093356972324,"0.75, 0.75, 0.75","12.562320888785273, 5.8899752621039, -14.942980731420295","56.287425149701406, 49.71751412429277, 29.142857142857707",56.287425149701406,49.71751412429277,29.142857142857707,12.562320888785273,"none, Bullish_Engulfing","none, none",0,none,0,0,0,,
35,Oil Gas & Consumable Fuels,COALINDIA-EQ,20374,440.25,464.25,464.75,34300,0.8087698815623183,0.1740225673076532,green,"1.5, 1.5, 1.0","normal, normal",Bullish_Engulfing,none,33359.70651685883,"1.5, 1.5, 1.0","10.758472296933837, 0.0, -25.88996763754021","56.09756097560973, 44.4444444444446, 36.61971830985936",56.09756097560973,44.4444444444446,36.61971830985936,10.758472296933837,"none, Bullish_Engulfing","none, none",0,none,0,0,0,,
36,Metals & Mining,TATASTEEL-EQ,3499,141.55,165.85,165.95,26588,0.1778668269342705,0.1071809743502684,green,"1.0, 1.0, 0.75","normal, spn_top",none,none,40049.72637922052,"0.75, 1.0, 0.5","21.090689966857145, 15.073861923424785, 12.06272617611683","70.58823529411745, 66.66666666666667, 60.00000000000001",70.58823529411745,66.66666666666667,60.00000000000001,21.090689966857145,"none, none","none, none",0,none,0,0,0,,
37,Metals & Mining,HINDZINC-EQ,1424,315.5,478.35,478.5,43389,2.405530570230829,0.5027232121694523,green,"0.75, 0.5, 1.5","hammer, tweezer_t",none,none,64086.55022228387,"0.75, 0.5, 2.0","-85.6844305120172, -101.39019546357198, -115.06276150627616","31.49606299212601, 29.961089494163545, 23.178807947019827",31.49606299212601,29.961089494163545,23.178807947019827,-85.6844305120172,"hammer, none","none, none",0,none,0,0,0,,
38,Chemicals,PIDILITIND-EQ,2664,2554.2,2818.45,2820.35,1373,3.944606583737311,0.1398623072929711,green,"0.75, 1.0, 0.75","marubozu, marubozu",Bullish_Engulfing,none,2277.441457492434,"0.75, 0.75, 0.5","38.29311964826964, 11.35375827138966, -13.32267519317879","61.086956521739154, 49.89733059548217, 35.135135135134774",61.086956521739154,49.89733059548217,35.135135135134774,38.29311964826964,"none, Bullish_Engulfing","none, none",0,none,0,0,0,,
39,Capital Goods,SIEMENS-EQ,3150,4152.0,6280.1,6277.3,760,6.114278503654914,0.0974029997555464,red,"0.75, 1.5, 1.5","marubozu, tweezer_t",none,none,866.8870382888305,"1.0, 1.5, 1.5","10.593726602202452, 9.95207082689766, -11.23148000637276","54.37262357414407, 45.78441835645709, 43.805309734512974",54.37262357414407,45.78441835645709,43.805309734512974,10.593726602202452,"none, none","none, none",0,none,0,0,0,,
40,Financial Services,SBILIFE-EQ,21808,1419.85,1424.05,1424.85,1808,1.0873621111220446,0.0763141461292097,green,"1.0, 1.0, 1.5","marubozu, hammer",hammer,none,2582.620555983945,"0.75, 2.0, 0.75","-0.7018282626250933, -6.67111407605102, -8.076693471925351","47.76119402984963, 31.37254901960993, 25.53191489361887",47.76119402984963,31.37254901960993,25.53191489361887,-0.7018282626250933,"none, hammer","none, none",0,none,0,0,0,,
41,Oil Gas & Consumable Fuels,IOC-EQ,1624,173.95,162.0,162.15,32327,0.2168343479611626,0.133724543916844,green,"1.5, 1.5, 0.75","spn_top, tweezer_t",Bullish_Engulfing,none,43259.50079919523,"0.75, 2.0, 0.75","12.334258402714587, 3.086419753087122, -12.357120790856785","61.111111111112, 47.05882352941118, 35.71428571428484",61.111111111112,47.05882352941118,35.71428571428484,12.334258402714587,"none, Bullish_Engulfing","none, none",0,none,0,0,0,,
42,Automobile and Auto Components,BAJAJ-AUTO-EQ,16669,7658.25,8734.0,8740.35,1951,11.718907833147162,0.1340782443854898,green,"1.5, 1.5, 0.75","normal, normal",none,none,1057.2513042773796,"2.0, 1.5, 0.75","35.18165748511215, 31.371651019005764, 12.895312983574236","77.73212818405817, 67.40740740740658, 52.40506329113946",77.73212818405817,67.40740740740658,52.40506329113946,35.18165748511215,"none, none","none, none",0,none,0,0,0,,
43,Construction Materials,GRASIM-EQ,1232,2089.75,2385.8,2384.9,1065,2.638221837779376,0.1106219060664755,red,"1.5, 1.5, 1.0","tweezer_t, tweezer_t",none,none,615.6659261796048,"2.0, 1.5, 0.75","22.852111199632155, 24.31050381423498, 12.159074233244963","71.30434782608651, 64.31372549019592, 61.5702479338847",71.30434782608651,64.31372549019592,61.5702479338847,22.852111199632155,"none, none","Bearish_Engulfing, none",0,none,0,0,0,,
44,Information Technology,TECHM-EQ,13538,1332.75,1283.8,1283.8,2416,1.3063455475802337,0.1017561573126837,green,"1.0, 1.0, 1.5","hammer, normal",Bullish_Engulfing,none,1952.0353153610329,"1.5, 0.75, 1.0","15.189281819598422, 19.473438230253937, 5.457876885891744","67.36111111111045, 62.58064516129024, 51.42857142857172",67.36111111111045,62.58064516129024,51.42857142857172,15.189281819598422,"hammer, Bullish_Engulfing","none, none",0,none,0,0,0,,
45,Financial Services,HDFCLIFE-EQ,467,563.35,550.2,550.15,5267,0.259809173341932,0.0472251519298249,red,"1.0, 1.5, 1.5","normal, normal",none,none,9273.892781903573,"0.75, 1.0, 0.75","2.7265291284191084, 3.63504180298156, 2.7265291284191084","63.63636363635424, 69.99999999999545, 66.66666666665823",63.63636363635424,69.99999999999545,66.66666666665823,2.7265291284191084,"none, none","none, none",0,none,0,0,0,,
46,Fast Moving Consumer Goods,BRITANNIA-EQ,547,5124.5,5223.25,5220.45,299,4.014205516829043,0.076893860047104,red,"1.5, 1.0, 1.0","normal, normal",none,none,407.57380436379526,"0.75, 0.5, 3.0","-6.800180061106192, 7.275163930503388, 5.647067831812744","52.100840336134524, 54.98891352549905, 54.505494505495086",52.100840336134524,54.98891352549905,54.505494505495086,-6.800180061106192,"none, none","none, none",0,none,0,0,0,,
47,Metals & Mining,VEDL-EQ,3063,273.6,404.6,404.75,9248,0.7491552467048171,0.1850908577405354,green,"0.75, 1.0, 1.0","hammer, normal",none,none,19256.149996146887,"0.5, 0.75, 1.0","-4.941321803582177, -11.12209589718212, -43.306112348428606","46.51162790697662, 37.37373737373749, 34.04255319148952",46.51162790697662,37.37373737373749,34.04255319148952,-4.941321803582177,"hammer, none","none, none",0,none,0,0,0,,
48,Fast Moving Consumer Goods,GODREJCP-EQ,10099,1218.45,1345.0,1347.2,5955,2.0145677371110904,0.1495373914126403,green,"1.5, 1.5, 1.0","marubozu, marubozu",none,none,5342.296957232531,"1.5, 1.0, 0.75","43.79453681710281, 11.89591078066847, -8.563875339763124","65.70247933884261, 54.761904761904766, 39.34426229508156",65.70247933884261,54.761904761904766,39.34426229508156,43.79453681710281,"none, none","none, none",0,none,0,0,0,,
49,Fast Moving Consumer Goods,DABUR-EQ,772,533.65,555.65,555.95,4018,0.4797688522165791,0.0862971224420503,green,"0.75, 1.0, 0.75","marubozu, normal",none,none,8321.534471569501,"0.5, 1.0, 0.5","18.886590520731502, 13.497705390083686, 3.602305475505142","72.34042553191613, 65.11627906976707, 64.28571428571466",72.34042553191613,65.11627906976707,64.28571428571466,18.886590520731502,"none, none","none, none",0,none,0,0,0,,
50,Oil Gas & Consumable Fuels,ATGL-EQ,6066,989.05,895.5,895.1,3737,1.1242930561298736,0.1256053017685033,red,"1.0, 1.5, 2.0","shooting_star, tweezer_t",none,none,6696.503727096934,"0.75, 0.75, 0.75","-54.18389006814906, -40.20100502512588, -42.38706079196826","20.588235294117453, 18.42105263157887, 21.052631578947096",20.588235294117453,18.42105263157887,21.052631578947096,-54.18389006814906,"none, none","shooting_star, none",0,none,0,0,0,,
51,Construction Materials,SHREECEM-EQ,3103,26954.8,25621.25,25608.35,30,24.8826526207604,0.0971661689283393,red,"0.75, 2.0, 1.5","marubozu, normal",none,none,68.7565179444042,"0.5, 3.0, 1.0","30.419765428072417, 35.244182075425385, 16.6698912059964","75.1625487646288, 75.87791270101717, 67.77635510029818",75.1625487646288,75.87791270101717,67.77635510029818,30.419765428072417,"none, none","none, none",0,none,0,0,0,,
52,Power,ADANIENSOL-EQ,10217,1022.6,1022.0,1021.65,5818,1.1364056108093048,0.1112323800527876,red,"1.0, 1.0, 1.0","hammer, hammer",hammer,none,6096.014396310131,"1.0, 1.5, 1.5","17.129153819801303, 20.547945205479675, 3.424825089290305","72.15189873417695, 53.77358490566011, 49.557522123894216",72.15189873417695,53.77358490566011,49.557522123894216,17.129153819801303,"hammer, hammer","Bearish_Engulfing, none",0,none,0,0,0,,
53,Capital Goods,HAL-EQ,2303,2932.5,3832.95,3834.7,601,4.600733110135331,0.1199763504351143,green,"0.75, 1.0, 1.0","marubozu, normal",none,none,1490.0342455025411,"0.5, 1.0, 0.5","12.2564998565724, 2.478508720436787, -19.4511892639886","55.212355212354936, 42.2558922558916, 34.154929577464586",55.212355212354936,42.2558922558916,34.154929577464586,12.2564998565724,"none, none","none, none",0,none,0,0,0,,
54,Metals & Mining,HINDALCO-EQ,1363,579.9,630.35,630.55,21845,0.91158659824829,0.1445700734673364,green,"1.5, 1.0, 1.0","spn_top, normal",Bullish_Engulfing,none,13815.47243115601,"2.0, 0.75, 0.75","40.44088494171683, 31.728404854445944, 20.64475146895455","71.99999999999982, 70.103092783506, 63.9534883720937",71.99999999999982,70.103092783506,63.9534883720937,40.44088494171683,"none, Bullish_Engulfing","none, none",0,none,0,0,0,,
55,Fast Moving Consumer Goods,VBL-EQ,18921,1302.5,1483.15,1483.75,1231,2.2360836550553707,0.1507048798689381,green,"0.75, 1.0, 1.5","tweezer_t, tweezer_t",none,none,5212.113401282386,"0.25, 0.5, 0.75","11.794439764111203, 33.71203182415804, 25.26869040800512","68.18181818181831, 58.40707964601831, 57.55813953488354",68.18181818181831,58.40707964601831,57.55813953488354,11.794439764111203,"none, none","none, none",0,none,0,0,0,,
56,Realty,DLF-EQ,14732,786.6,851.8,852.7,13130,1.419173704467433,0.1664329429421171,green,"1.0, 1.5, 1.0","normal, marubozu",Bullish_Engulfing,none,11418.300936756814,"1.5, 1.5, 1.0","36.35510730620408, 29.936604836815626, -1.1763321962124778","69.27374301675992, 58.88888888888838, 44.17177914110469",69.27374301675992,58.88888888888838,44.17177914110469,36.35510730620408,"none, Bullish_Engulfing","none, none",0,none,0,0,0,,
57,Financial Services,BANKBARODA-EQ,4668,257.45,261.55,261.85,80759,0.3828606267688244,0.1462137203623541,green,"1.5, 1.5, 0.75","normal, shooting_star",none,shooting_star,126423.80585549666,"0.75, 0.75, 3.0","5.728470498378235, 1.911680367043065, -3.823360734083957","60.000000000000654, 46.875000000001, 42.85714285714285",60.000000000000654,46.875000000001,42.85714285714285,5.728470498378235,"none, none","none, shooting_star",0,none,0,0,0,,
58,Financial Services,INDUSINDBK-EQ,5258,1537.8,1440.9,1443.0,26654,2.4511859847384296,0.1698673586097317,green,"1.5, 1.5, 1.5","marubozu, normal",none,none,18226.64201456751,"1.5, 1.5, 2.0","29.45252945252945, 24.290374071760706, 15.97666018338396","73.52941176470532, 68.18181818181829, 58.60215053763376",73.52941176470532,68.18181818181829,58.60215053763376,29.45252945252945,"none, none","none, none",0,none,0,0,0,,
59,Automobile and Auto Components,EICHERMOT-EQ,910,3889.95,4599.0,4598.0,1923,5.951185902026278,0.1294298804268438,red,"1.0, 1.5, 1.5","shooting_star, tweezer_b",none,none,1245.0348513556205,"2.0, 2.0, 0.75","42.73597216180869, 54.46836268754116, 46.354733405876345","94.61966604823812, 98.2824427480923, 92.35668789808844",94.61966604823812,98.2824427480923,92.35668789808844,42.73597216180869,"none, none","shooting_star, none",0,none,0,0,0,,
60,Healthcare,DRREDDY-EQ,881,6094.45,6053.95,6053.1,747,4.0563126929364905,0.0670121539861639,red,"0.5, 1.0, 0.75","tweezer_b, hammer",hammer,none,1456.05011496448,"0.75, 1.5, 1.5","18.3377112553904, 16.43555034316408, 12.804414631728513","69.78260869565453, 69.78260869565176, 69.11111111111192",69.78260869565453,69.78260869565176,69.11111111111192,18.3377112553904,"none, hammer","none, none",0,none,0,0,0,,
61,Healthcare,DIVISLAB-EQ,10940,3699.5,3924.15,3925.0,472,4.164608761564859,0.1061046818233085,green,"1.0, 1.5, 0.75","tweezer_t, normal",Bullish_Engulfing,none,747.1701977156897,"0.75, 0.75, 0.75","-0.7643312101915463, -12.741612833352448, -18.48640930185119","37.75811209439456, 34.87654320987567, 23.15789473684167",37.75811209439456,34.87654320987567,23.15789473684167,-0.7643312101915463,"none, Bullish_Engulfing","none, none",0,none,0,0,0,,
62,Oil Gas & Consumable Fuels,BPCL-EQ,526,574.75,619.45,619.95,43274,0.869786235275553,0.1402994169329063,green,"1.5, 1.5, 1.5","normal, normal",Bullish_Engulfing,none,16494.889040514267,"3.0, 1.0, 1.0","31.45414952818849, 24.21502946161917, 4.849660523764439","81.24999999999956, 68.85245901639522, 54.34782608695761",81.24999999999956,68.85245901639522,54.34782608695761,31.45414952818849,"none, Bullish_Engulfing","none, none",0,none,0,0,0,,
63,Consumer Durables,HAVELLS-EQ,9819,1339.75,1694.95,1693.6,6296,1.4316686196086623,0.0845340469773655,red,"1.5, 1.5, 1.5","normal, marubozu",Bullish_Engulfing,none,3492.228425509472,"2.0, 0.75, 1.0","15.647142182332685, 25.07448597303756, 10.923476617854918","67.68292682926638, 70.2531645569615, 61.764705882351954",67.68292682926638,70.2531645569615,61.764705882351954,15.647142182332685,"none, Bullish_Engulfing","none, none",0,none,0,0,0,,
64,Power,ADANIPOWER-EQ,17388,546.3,573.95,573.95,4233,0.5334555612908194,0.0929446051556441,green,"1.0, 1.5, 0.75","hammer, spn_top",none,none,2491.300412983037,"2.0, 0.75, 0.75","-11.325028312570383, -16.551964456833026, -10.448410970831915","25.64102564102655, 27.499999999999293, 31.42857142857088",25.64102564102655,27.499999999999293,31.42857142857088,-11.325028312570383,"hammer, none","none, none",0,none,0,0,0,,
65,Services,INDIGO-EQ,11195,3171.15,4060.0,4061.0,4787,4.529170809557301,0.1115284612055479,green,"1.0, 1.0, 1.0","normal, tweezer_t",Bullish_Engulfing,none,1774.8312817700405,"3.0, 0.75, 0.5","35.459246491012294, 30.78817733990148, 10.34928848641611","78.36134453781492, 60.13628620102172, 52.47524752475247",78.36134453781492,60.13628620102172,52.47524752475247,35.459246491012294,"none, Bullish_Engulfing","none, none",0,none,0,0,0,,
66,Healthcare,CIPLA-EQ,694,1433.9,1384.8,1385.05,500,1.4137041829158477,0.1020688193867259,green,"1.0, 0.75, 1.5","shooting_star, spn_top",none,none,1206.7802879756607,"0.5, 0.75, 1.5","14.43991191653731, 9.026574234546503, 6.863170062130078","60.0, 60.26490066225142, 49.0683229813673",60.0,60.26490066225142,49.0683229813673,14.43991191653731,"Bullish_Engulfing, none","shooting_star, none",0,none,0,0,0,,
67,Construction Materials,AMBUJACEM-EQ,1270,555.0,594.9,594.9,1929,0.7073828500489598,0.1189078584718372,green,"0.5, 1.5, 1.5","hammer, marubozu",Bullish_Engulfing,none,4788.449291714322,"0.5, 1.5, 1.0","17.65002521432097, 12.607160867372668, -4.209462872537465","58.06451612903209, 58.06451612903209, 44.73684210526356",58.06451612903209,58.06451612903209,44.73684210526356,17.65002521432097,"none, Bullish_Engulfing","none, none",0,none,0,0,0,,
68,Chemicals,SRF-EQ,3273,2251.1,2338.0,2336.6,889,2.991414896640195,0.1280242616040484,red,"0.75, 2.0, 1.0","normal, normal",Bullish_Engulfing,none,1555.743220293692,"0.75, 1.5, 0.75","36.80561499614787, 41.91616766467144, 5.356186395286556","79.37062937063025, 65.98837209302343, 44.65408805031492",79.37062937063025,65.98837209302343,44.65408805031492,36.80561499614787,"none, Bullish_Engulfing","none, none",0,none,0,0,0,,
69,Capital Goods,ABB-EQ,13,4368.2,7124.15,7124.2,859,7.0914406598870725,0.0995401681576467,green,"0.75, 1.5, 1.0","shooting_star, normal",Bullish_Engulfing,none,967.2117055242438,"1.0, 0.75, 1.5","14.668313635214927, 5.684888723566001, -16.16144581699622","56.44654088050262, 46.0746460746456, 38.38235294117474",56.44654088050262,46.0746460746456,38.38235294117474,14.668313635214927,"none, Bullish_Engulfing","shooting_star, none",0,none,0,0,0,,
70,Capital Goods,BEL-EQ,383,181.55,230.5,230.6,39475,0.3286831320391996,0.1425338820638333,green,"1.0, 1.5, 1.0","hammer, marubozu",Bullish_Engulfing,none,32375.20128676127,"1.5, 1.0, 1.0","15.177797051170613, 10.84598698481562, -6.511829824180842","61.29032258064511, 50.000000000000014, 42.42424242424233",61.29032258064511,50.000000000000014,42.42424242424233,15.177797051170613,"hammer, Bullish_Engulfing","none, none",0,none,0,0,0,,
71,Healthcare,MANKIND-EQ,15380,2057.45,2186.85,2188.9,221,2.6123189743096678,0.11934391586229,green,"1.0, 1.5, 2.0","marubozu, normal",none,none,530.9593101761998,"0.5, 1.5, 1.5","7.309607565443414, 6.173262912407843, -5.257383194660743","64.78260869565314, 43.19999999999866, 43.90243902438989",64.78260869565314,43.19999999999866,43.90243902438989,7.309607565443414,"Bullish_Engulfing, none","none, none",0,none,0,0,0,,
72,Financial Services,SBICARD-EQ,17971,703.15,710.5,710.65,749,0.5799804301064642,0.0816126686985807,green,"1.5, 1.0, 0.75","hammer, marubozu",none,none,970.6989929260556,"1.0, 0.5, 0.5","18.293111939772807, 14.074595355383533, -1.4083515245408456","78.0487804878034, 56.86274509803947, 47.6190476190471",78.0487804878034,56.86274509803947,47.6190476190471,18.293111939772807,"hammer, none","none, none",0,none,0,0,0,,
73,Oil Gas & Consumable Fuels,GAIL-EQ,4717,181.6,200.5,200.75,28625,0.3068247711553688,0.1528392384335585,green,"0.75, 1.5, 1.0","normal, normal",none,none,55802.23208414971,"0.75, 1.5, 1.5","17.43462017434592, 0.0, -14.977533699449973","57.14285714285714, 46.87500000000016, 45.16129032258141",57.14285714285714,46.87500000000016,45.16129032258141,17.43462017434592,"none, none","none, none",0,none,0,0,0,,
74,Financial Services,BAJAJHLDNG-EQ,305,8310.0,8310.85,8316.7,1,6.088551100572803,0.0732087378476174,green,"1.0, 1.5, 1.0","marubozu, normal",none,none,83.24649438096131,"0.0, 0.5, 0.0","7.99595993603407, 1.5642202662797324, -7.342629985616106","60.71964017991153, 45.425867507887375, 37.71043771043692",60.71964017991153,45.425867507887375,37.71043771043692,7.99595993603407,"none, none","none, none",0,none,0,0,0,,
75,Fast Moving Consumer Goods,TATACONSUM-EQ,3432,1150.75,1112.95,1112.95,734,0.9912828409329366,0.0890680480644176,red,"0.5, 1.5, 0.5","hammer, tweezer_b",none,none,1332.5630095822564,"0.75, 0.75, 0.5","15.723976818365603, 16.17323329888993, 13.483752078745113","67.30769230769171, 68.5185185185182, 69.09090909090953",67.30769230769171,68.5185185185182,69.09090909090953,15.723976818365603,"none, none","none, none",0,none,0,0,0,,
76,Financial Services,ICICIPRULI-EQ,18652,504.8,584.9,585.55,2420,0.5627412414259239,0.0961047291308895,green,"2.0, 1.5, 1.0","normal, normal",Bullish_Engulfing,none,959.7801472034056,"3.0, 1.5, 0.75","24.763043292629696, 8.548469823901522, 0.0","66.19718309859195, 54.83870967741876, 49.12280701754463",66.19718309859195,54.83870967741876,49.12280701754463,24.763043292629696,"none, Bullish_Engulfing","none, none",0,none,0,0,0,,
77,Financial Services,CHOLAFIN-EQ,685,1136.35,1264.8,1265.25,10198,1.6972694170729787,0.1341449845542761,green,"0.75, 1.5, 1.0","normal, normal",Bullish_Engulfing,none,6640.371732463663,"2.0, 1.0, 0.5","19.758940920766648, 19.37065148640137, -8.31452666587625","69.07894736842074, 55.17241379310236, 43.8848920863304",69.07894736842074,55.17241379310236,43.8848920863304,19.758940920766648,"none, Bullish_Engulfing","none, none",0,none,0,0,0,,
78,Fast Moving Consumer Goods,MARICO-EQ,4067,523.2,594.4,594.05,25783,0.6747667416426207,0.1135875333124519,red,"1.5, 0.5, 0.75","normal, normal",none,none,14744.972593958117,"2.0, 0.75, 0.5","4.2083999663328, 15.141318977119402, 18.50138760406878","56.962025316455446, 63.013698630136936, 72.41379310344854",56.962025316455446,63.013698630136936,72.41379310344854,4.2083999663328,"none, none","Bearish_Engulfing, none",0,none,0,0,0,,
79,Healthcare,APOLLOHOSP-EQ,157,6235.2,5830.5,5832.8,593,6.762567341945555,0.1159403261203119,green,"1.5, 1.5, 1.5","shooting_star, shooting_star",none,shooting_star,1744.4012667172476,"0.5, 0.75, 0.5","8.229323823892782, 12.348855158219394, 13.545488837830726","63.57142857142858, 59.198813056379606, 62.24648985959347",63.57142857142858,59.198813056379606,62.24648985959347,8.229323823892782,"Bullish_Engulfing, none","shooting_star, shooting_star",0,none,0,0,0,,
80,Power,TATAPOWER-EQ,3426,394.0,435.4,435.8,10890,0.6463355532957605,0.1483101315501974,green,"1.0, 1.5, 1.0","normal, normal",Bullish_Engulfing,none,25945.57094386464,"0.5, 1.5, 1.0","25.24093620927083, 22.96738631143776, 5.747787101965744","72.5806451612903, 61.666666666666245, 47.45762711864357",72.5806451612903,61.666666666666245,47.45762711864357,25.24093620927083,"none, Bullish_Engulfing","none, none",0,none,0,0,0,,
81,Automobile and Auto Components,BOSCHLTD-EQ,2181,24241.0,29980.4,29987.7,13,24.34501964109523,0.0811833506440815,green,"0.75, 1.5, 2.0","tweezer_b, marubozu",Bullish_Engulfing,none,40.48181761231948,"0.5, 0.25, 1.0","2.9678834989017013, 5.12001174100485, -17.36227045075125","56.76321289937351, 44.520547945205806, 30.223978919630905",56.76321289937351,44.520547945205806,30.223978919630905,2.9678834989017013,"none, Bullish_Engulfing","none, none",0,none,0,0,0,,
82,Consumer Durables,BERGEPAINT-EQ,404,567.1,500.45,501.0,12343,0.5967556033608865,0.1191128948824124,green,"2.0, 1.0, 1.5","normal, normal",none,none,8436.426260427095,"1.5, 2.0, 2.0","-0.998003992016195, -21.98021780397688, -36.00000000000023","42.6666666666664, 30.43478260869494, 19.354838709676883",42.6666666666664,30.43478260869494,19.354838709676883,-0.998003992016195,"none, none","none, none",0,none,0,0,0,,
83,Metals & Mining,JINDALSTEL-EQ,6733,763.1,937.45,937.2,1011,1.060364152150072,0.113141714911446,red,"1.0, 1.0, 1.5","hammer, marubozu",Bullish_Engulfing,none,1541.944845169504,"0.75, 0.25, 1.0","24.00768245838668, 14.400768040962427, -3.737718923537193","58.59375000000021, 55.14705882352978, 44.62809917355376",58.59375000000021,55.14705882352978,44.62809917355376,24.00768245838668,"hammer, Bullish_Engulfing","none, none",0,none,0,0,0,,
84,Fast Moving Consumer Goods,MCDOWELL-N-EQ,10447,1062.9,1236.45,1237.1,4333,1.822227787493302,0.1472983418877457,green,"0.75, 1.0, 1.0","normal, normal",none,none,4829.025810377661,"1.0, 1.0, 1.0","41.2254466090042, 36.798900076832496, 20.63691174685536","75.24271844660173, 65.43778801843428, 67.81115879828421",75.24271844660173,65.43778801843428,67.81115879828421,41.2254466090042,"none, none","none, none",0,none,0,0,0,,
85,Chemicals,UPL-EQ,11287,474.0,476.1,476.5,3436,0.6154488014599314,0.1291602941154105,green,"1.0, 2.0, 1.0","normal, normal",Bullish_Engulfing,none,3769.0111969664126,"1.0, 1.5, 0.0","44.07135362014738, 25.20478890989384, 8.413967185527499","71.62162162162166, 66.1764705882352, 45.58823529411752",71.62162162162166,66.1764705882352,45.58823529411752,44.07135362014738,"none, Bullish_Engulfing","none, none",0,none,0,0,0,,
86,Fast Moving Consumer Goods,AWL-EQ,8110,343.35,337.15,337.1,335,0.2917522650987867,0.0865476906255671,green,"1.0, 1.0, 1.5","normal, tweezer_b",none,none,814.1346006085589,"0.5, 0.75, 3.0","-8.899436369028612, 0.0, -10.384215991691612","48.00000000000164, 41.37931034482718, 52.77777777777848",48.00000000000164,41.37931034482718,52.77777777777848,-8.899436369028612,"none, none","none, none",0,none,0,0,0,,
87,Financial Services,ICICIGI-EQ,21770,1518.6,1708.2,1709.1,441,1.4814269488851377,0.0866787753136234,green,"0.75, 1.5, 1.0","marubozu, normal",Bullish_Engulfing,none,707.9422773880357,"0.75, 1.5, 1.5","19.600959569363464, 15.51340592436536, 0.87881184638289","65.63876651982402, 56.465517241379374, 48.59813084112062",65.63876651982402,56.465517241379374,48.59813084112062,19.600959569363464,"none, Bullish_Engulfing","none, none",0,none,0,0,0,,
88,Healthcare,TORNTPHARM-EQ,3518,2643.7,2582.7,2582.45,64,2.864686163675743,0.1109290078675576,red,"0.5, 1.5, 0.5","shooting_star, normal",Bullish_Engulfing,none,179.9911774216883,"0.5, 1.5, 0.75","6.002052314661378, 11.80934680760339, -2.5191845593368383","57.65027322404308, 54.80519480519468, 41.49484536082412",57.65027322404308,54.80519480519468,41.49484536082412,6.002052314661378,"none, Bullish_Engulfing","none, none",0,none,0,0,0,,
89,Financial Services,CANBK-EQ,10794,520.25,559.6,561.0,110516,2.1573667346483503,0.384557350204697,green,"1.0, 1.0, 1.5","normal, normal",none,none,191290.70011629787,"0.75, 1.0, 1.0","-28.52049910873481, -84.8820586132952, -177.3557864564668","39.01639344262279, 25.8522727272726, 17.696629213483064",39.01639344262279,25.8522727272726,17.696629213483064,-28.52049910873481,"none, none","none, none",0,none,0,0,0,,
90,Financial Services,PNB-EQ,10666,121.65,124.35,124.5,165751,0.2566759113334723,0.206165390629295,green,"1.0, 1.5, 1.5","marubozu, normal",none,none,243962.58021828343,"0.75, 0.75, 3.0","24.09638554216845, 12.062726176115117, -28.191703584373283","58.82352941176475, 45.94594594594572, 38.23529411764713",58.82352941176475,45.94594594594572,38.23529411764713,24.09638554216845,"none, none","none, none",0,none,0,0,0,,
91,Automobile and Auto Components,TVSMOTOR-EQ,8479,2024.15,1961.2,1962.55,1827,1.9173918936795773,0.0976990086203957,green,"1.5, 1.5, 1.5","marubozu, normal",none,none,4722.255772238929,"0.5, 2.0, 1.0","12.993299533769608, 7.138486640832607, -5.102040816326531","67.74193548387098, 51.31578947368449, 38.84892086330976",67.74193548387098,51.31578947368449,38.84892086330976,12.993299533769608,"none, none","none, none",0,none,0,0,0,,
92,Healthcare,ZYDUSLIFE-EQ,7929,760.9,1005.3,1006.85,4153,1.5323349783109337,0.1521909895526576,green,"1.5, 1.0, 3.0","normal, shooting_star",none,shooting_star,6874.40439937354,"0.75, 1.0, 4.0","67.53736902219862, 52.72058092111762, 59.14806898951285","84.77157360406015, 81.92771084337252, 83.95061728395005",84.77157360406015,81.92771084337252,83.95061728395005,67.53736902219862,"none, none","none, shooting_star",0,none,0,0,0,,
93,Automobile and Auto Components,TIINDIA-EQ,312,3608.05,3884.5,3885.0,1134,5.796083728337827,0.14919134435876,green,"1.0, 1.0, 0.75","normal, spn_top",none,Bearish_Engulfing,2690.375739000664,"0.5, 0.25, 0.0","0.0, -1.2871669455528385, 0.0","50.0, 48.82075471698112, 45.69536423841093",50.0,48.82075471698112,45.69536423841093,0.0,"none, none","none, Bearish_Engulfing",0,none,0,0,0,,
94,Consumer Services,TRENT-EQ,1964,3027.15,4479.95,4480.0,860,2.8585528114440653,0.063806982398305,green,"0.5, 0.75, 1.0","marubozu, marubozu",none,none,935.5733538181032,"1.0, 0.5, 0.5","4.464285714285714, 11.160838848647863, 2.009780933879426","75.6345177664998, 61.41078838174342, 65.168539325844",75.6345177664998,61.41078838174342,65.168539325844,4.464285714285714,"none, none","none, none",0,none,0,0,0,,
95,Financial Services,IDBI-EQ,1476,93.25,85.75,85.7,2449,0.1082690713189026,0.1263349723674476,red,"1.0, 1.0, 1.5","tweezer_b, tweezer_b",none,none,11008.91527998124,"0.25, 1.5, 3.0","-5.834305717619271, 0.0, -29.18855808523059","44.44444444444444, 36.36363636363543, 19.999999999999424",44.44444444444444,36.36363636363543,19.999999999999424,-5.834305717619271,"none, none","none, none",0,none,0,0,0,,
96,Consumer Services,NAUKRI-EQ,13751,5183.45,5960.3,5957.35,45,5.4153012916556085,0.0909011773969232,red,"1.5, 1.5, 1.5","normal, normal",none,none,178.7816491747384,"0.5, 1.0, 1.5","12.253770552343209, 14.428803919266418, 10.994913803233311","58.70570107858381, 65.68144499179114, 57.14285714285757",58.70570107858381,65.68144499179114,57.14285714285757,12.253770552343209,"none, none","none, none",0,none,0,0,0,,
97,Healthcare,ABBOTINDIA-EQ,17903,28069.5,25895.0,25905.9,6,16.087688882240272,0.0621004824470111,green,"1.0, 0.5, 0.75","marubozu, marubozu",none,none,15.972354048567777,"0.5, 0.25, 1.5","9.997722526529268, 5.792624058698591, 3.0516069221266435","59.976887519260735, 56.260504201681286, 46.94596711041533",59.976887519260735,56.260504201681286,46.94596711041533,9.997722526529268,"none, none","none, none",0,none,0,0,0,,
98,Financial Services,SHRIRAMFIN-EQ,4306,2357.1,2439.6,2438.2,16898,3.637370249720702,0.1491826039586868,red,"2.0, 1.5, 1.5","tweezer_b, normal",none,none,7091.91021978473,"3.0, 1.0, 1.5","1.2304158805665129, 21.11001803574393, 3.4870364292743234","61.9808306709261, 58.610271903322655, 45.83333333333322",61.9808306709261,58.610271903322655,45.83333333333322,1.2304158805665129,"none, none","none, none",0,none,0,0,0,,
99,Automobile and Auto Components,HEROMOTOCO-EQ,1348,4746.65,4539.15,4557.25,30506,22.150450435613187,0.486048613431635,green,"1.0, 1.0, 0.75","normal, normal",none,none,21449.62391858761,"1.5, 0.75, 1.5","70.7663612924461, 36.57072359362316, 16.976992867457792","61.97377501725316, 54.2770628311882, 52.40477106579452",61.97377501725316,54.2770628311882,52.40477106579452,70.7663612924461,"none, none","none, none",0,none,0,0,0,,
100,Consumer Services,INDHOTEL-EQ,1512,509.1,561.6,561.95,7205,0.4577285012502358,0.0814535992971324,green,"1.0, 1.5, 0.5","normal, marubozu",none,none,3990.1105413062623,"2.0, 2.0, 0.5","25.80300738499947, 19.586894586894992, -3.564744675163452","79.59183673469427, 56.14035087719332, 40.38461538461505",79.59183673469427,56.14035087719332,40.38461538461505,25.80300738499947,"none, none","none, none",0,none,0,0,0,,
101,Chemicals,PIIND-EQ,24184,3281.95,3502.0,3502.9,22,1.6047849384451047,0.0458130388662281,green,"0.75, 0.75, 0.75","marubozu, marubozu",Bullish_Engulfing,none,144.0758604678379,"0.25, 0.75, 0.75","13.274715235947616, 13.563677898343805, 9.711927103418","88.43537414966096, 84.21052631579272, 68.99224806201462",88.43537414966096,84.21052631579272,68.99224806201462,13.274715235947616,"none, Bullish_Engulfing","none, none",0,none,0,0,0,,
102,Consumer Services,IRCTC-EQ,13611,946.65,1005.4,1006.5,1225,1.0470811038792451,0.1040319030183055,green,"1.5, 0.75, 1.0","marubozu, shooting_star",none,shooting_star,2197.618216978554,"0.75, 0.5, 1.0","14.903129657228018, 3.978516013526729, -4.47605311582963","65.95744680851048, 45.454545454545695, 41.48936170212822",65.95744680851048,45.454545454545695,41.48936170212822,14.903129657228018,"none, none","none, shooting_star",0,none,0,0,0,,
103,Capital Goods,CGPOWER-EQ,760,439.65,577.55,578.0,11264,0.6750539418842427,0.1167913394263395,green,"0.75, 2.0, 0.75","hammer, marubozu",none,none,5701.221464437207,"2.0, 3.0, 1.5","44.98269896193811, 29.43468098000056, 12.140131807146124","74.1573033707854, 70.37037037036976, 52.77777777777831",74.1573033707854,70.37037037036976,52.77777777777831,44.98269896193811,"hammer, none","none, none",0,none,0,0,0,,
104,Financial Services,UNIONBANK-EQ,10753,146.75,143.25,143.4,39992,0.2882726009645613,0.2010269183853286,green,"1.0, 1.5, 1.5","normal, tweezer_t",none,none,42597.49125359501,"1.0, 1.5, 1.0","17.433751743375176, 3.4904013961613525, -10.467550593159611","61.111111111112, 40.00000000000056, 38.09523809523823",61.111111111112,40.00000000000056,38.09523809523823,17.433751743375176,"Bullish_Engulfing, none","none, none",0,none,0,0,0,,
105,Automobile and Auto Components,MOTHERSON-EQ,4204,117.05,127.4,127.6,10529,0.1728843297538526,0.1354892866409503,green,"1.5, 1.5, 0.75","marubozu, normal",none,none,11942.001533781731,"1.0, 3.0, 0.75","27.429467084639057, 11.773940345369365, -7.855459544384016","66.66666666666666, 50.000000000000014, 44.44444444444392",66.66666666666666,50.000000000000014,44.44444444444392,27.429467084639057,"none, none","none, none",0,none,0,0,0,,
106,Capital Goods,CUMMINSIND-EQ,1901,2350.2,3432.9,3434.6,334,5.007425661552592,0.1457935614497348,green,"0.75, 1.5, 1.5","normal, marubozu",Bullish_Engulfing,none,361.52565879655424,"1.0, 0.75, 1.5","33.48279275607057, 21.55611873343264, -10.653668218501297","61.973684210526045, 53.95061728395092, 46.71428571428615",61.973684210526045,53.95061728395092,46.71428571428615,33.48279275607057,"none, Bullish_Engulfing","none, none",0,none,0,0,0,,
107,Automobile and Auto Components,SCHAEFFLER-EQ,1011,3061.7,3799.9,3799.85,50,1.388023539247425,0.0365283771529777,red,"0.75, 1.0, 1.0","hammer, hammer",hammer,none,134.70462357222212,"0.5, 0.75, 1.5","-0.3947524244380461, 3.289560251585568, -0.2631648201266061","81.5789473684072, 48.43750000000156, 50.0",81.5789473684072,48.43750000000156,50.0,-0.3947524244380461,"hammer, hammer","Bearish_Engulfing, none",0,none,0,0,0,,
108,Realty,LODHA-EQ,3220,1137.25,1100.45,1100.0,3708,1.8222855409499847,0.1656623219045441,green,"0.75, 3.0, 0.75","spn_top, tweezer_t",none,none,3627.5410059932265,"1.5, 3.0, 1.5","25.45454545454504, 17.72002362669858, -0.9100837277041904","62.09677419354874, 62.60162601626007, 49.45054945054995",62.09677419354874,62.60162601626007,49.45054945054995,25.45454545454504,"none, none","none, none",0,none,0,0,0,,
109,Consumer Services,ZOMATO-EQ,5097,140.25,193.25,193.25,20820,0.2291090223843015,0.1185557683748002,green,"0.5, 2.0, 0.25","spn_top, normal",none,Bearish_Engulfing,62065.06756707511,"0.5, 2.0, 0.5","12.9366106080207, 7.7619663648127135, 10.33324722294069","54.83870967741943, 47.22222222222244, 54.83870967741944",54.83870967741943,47.22222222222244,54.83870967741944,12.9366106080207,"none, none","none, Bearish_Engulfing",0,none,0,0,0,,
110,Fast Moving Consumer Goods,PGHH-EQ,2535,16739.25,15939.7,15939.8,2,9.659132552932324,0.0605975768386825,green,"0.0, 1.5, 0.5","doji, hammer",hammer,none,6.93667137819945,"0.5, 0.75, 0.5","-20.859734752004417, -19.416927545687123, -21.64386741405973","28.25933756166255, 26.76056338028227, 24.953095684803685",28.25933756166255,26.76056338028227,24.953095684803685,-20.859734752004417,"none, hammer","none, none",0,none,0,0,0,,
111,Financial Services,YESBANK-EQ,11915,22.8,22.95,22.95,348016,0.0508007401572425,0.2213539876132572,green,"1.0, 1.0, 1.0","hammer, marubozu",none,none,228849.60800309476,"2.0, 0.75, 1.0","0.0, 0.0, 0.0","50.0, 50.0, 50.0",50.0,50.0,50.0,0.0,"hammer, none","none, none",0,none,0,0,0,,
112,Capital Goods,POLYCAB-EQ,9590,4385.25,5874.8,5874.7,26,5.6525269274197285,0.0962181375631049,red,"0.5, 2.0, 1.5","hammer, normal",Bullish_Engulfing,none,514.9094881190076,"0.0, 0.75, 0.5","14.043270294653343, 12.255736365492982, -2.7266530334021195","62.54416961130558, 58.609271523178045, 44.58077709611542",62.54416961130558,58.609271523178045,44.58077709611542,14.043270294653343,"none, Bullish_Engulfing","none, none",0,none,0,0,0,,
113,Healthcare,MAXHEALTH-EQ,22377,789.55,810.3,810.75,3812,1.0690461435299747,0.1318589137872309,green,"1.0, 0.75, 1.0","normal, normal",none,none,4079.1242885208817,"1.0, 0.75, 0.75","20.351526364477053, -2.468221646304399, 0.6168270416983495","51.724137931034434, 48.17518248175187, 48.5294117647064",51.724137931034434,48.17518248175187,48.5294117647064,20.351526364477053,"Bullish_Engulfing, none","none, none",0,none,0,0,0,,
114,Financial Services,IOB-EQ,9348,62.65,63.35,63.4,6189,0.0931185199258127,0.1468746371069601,green,"1.5, 1.5, 1.5","marubozu, normal",Bullish_Engulfing,none,14411.577456318251,"0.5, 0.5, 2.0","7.886435331229836, 0.0, -31.620553359684244","55.55555555555522, 40.000000000000014, 25.0",55.55555555555522,40.000000000000014,25.0,7.886435331229836,"none, Bullish_Engulfing","none, none",0,none,0,0,0,,
115,Textiles,PAGEIND-EQ,14413,36761.9,34324.55,34347.1,15,22.157850761186708,0.0645115621440724,green,"1.5, 0.5, 1.0","marubozu, marubozu",none,none,9.96287820451282,"2.0, 0.5, 1.0","7.526108463305067, 1.2527476689433392, 3.2040779173493537","59.32615491490117, 51.77100494234067, 56.05932203389954",59.32615491490117,51.77100494234067,56.05932203389954,7.526108463305067,"Bullish_Engulfing, none","none, none",0,none,0,0,0,,
116,Fast Moving Consumer Goods,COLPAL-EQ,15141,2531.3,2818.2,2818.2,998,3.140881667871897,0.1114499207959654,green,"1.5, 1.5, 1.0","spn_top, normal",Bullish_Engulfing,none,723.392025367893,"1.5, 1.5, 0.75","0.7096728408197365, -0.70967284082135, -12.606086431590434","48.97959183673328, 43.43891402714793, 25.23364485981181",48.97959183673328,43.43891402714793,25.23364485981181,0.7096728408197365,"none, Bullish_Engulfing","none, none",0,none,0,0,0,,
117,Capital Goods,ASHOKLEY-EQ,212,179.25,197.75,197.95,27590,0.2349998410813563,0.1187167674065957,green,"1.5, 1.0, 1.5","marubozu, marubozu",Bullish_Engulfing,none,22128.277889912337,"1.5, 0.75, 2.0","32.83657489264851, 32.86978508217475, 7.593014426727699","84.00000000000055, 62.96296296296281, 50.0",84.00000000000055,62.96296296296281,50.0,32.83657489264851,"none, Bullish_Engulfing","none, none",0,none,0,0,0,,
118,Healthcare,ALKEM-EQ,11703,4924.05,5147.75,5148.7,186,7.044705225658696,0.1368249310633499,green,"0.5, 1.0, 1.0","normal, normal",none,none,666.0157433587473,"0.5, 0.25, 1.0","19.519490356789447, 27.09921810499697, 14.390168014933955","63.1625441696109, 61.21372031662262, 57.75862068965467",63.1625441696109,61.21372031662262,57.75862068965467,19.519490356789447,"none, none","none, none",0,none,0,0,0,,
119,Power,NHPC-EQ,17400,103.65,98.6,98.65,83845,0.120596715439153,0.1222470506225576,green,"0.5, 0.75, 0.75","marubozu, hammer",hammer,none,104809.33333303794,"1.0, 0.75, 1.0","10.136847440446884, 5.070993914807014, -10.14198782961547","58.33333333333355, 42.85714285714258, 40.000000000000014",58.33333333333355,42.85714285714258,40.000000000000014,10.136847440446884,"none, hammer","none, none",0,none,0,0,0,,
120,Nifty 100,Nifty 100,99926012,438.5,23133.2,23145.5,0,12.136457447151134,0.0524354947922971,green,"1.5, 1.5, 1.0","marubozu, normal",Bullish_Engulfing,none,0.0,"0, 0, 0","19.03177723531541, 13.91938858437256, 4.325231453948179","78.05800756620583, 65.13460275771499, 53.55311355311534",78.05800756620583,65.13460275771499,53.55311355311534,19.03177723531541,"none, Bullish_Engulfing","none, none",0,none,0,0,0,,
