0,1,2,3,4,5,6,7,8,9,10,11,12,13,14,15
1,ABB Ltd.,ABB-EQ,13,4458.55,1710.9560546875,0.5136268138885498,0,4344.03,4389.52,4424.03,4469.52,4504.03,4549.52,4584.03,200000
2,ACC Ltd.,ACC-EQ,22,2024.25,1711.0906946659088,0.6482667922973633,0,1966.83,1991.42,2007.83,2032.42,2048.83,2073.42,2089.83,200000
3,Au Small Finance Bank Ltd.,AUBANK-EQ,21238,734.9,0.0,0.0,0,714.0,719.0,726.95,731.95,739.9,744.9,752.85,200000
4,Abbott India Ltd.,ABBOTINDIA-EQ,17903,23002.3,1711.2502708435059,0.942481279373169,0,22463.03,22631.57,22816.93,22985.47,23170.83,23339.37,23524.73,200000
5,Adani Energy Solutions Ltd.,ADANIENSOL-EQ,10217,833.0,1711.3729422092438,1.065152645111084,0,812.33,821.67,827.33,836.67,842.33,851.67,857.33,200000
6,Adani Enterprises Ltd.,ADANIENT-EQ,25,2519.3,1711.5095765590668,1.202784776687622,0,2471.57,2488.83,2504.07,2521.33,2536.57,2553.83,2569.07,200000
7,Adani Green Energy Ltd.,ADANIGREEN-EQ,3563,1001.2,1711.6651611328125,1.3583693504333496,0,981.0,989.5,995.35,1003.85,1009.7,1018.2,1024.05,200000
8,Adani Ports & Special Economic Zone Ltd.,ADANIPORTS-EQ,15083,825.0,1711.8077800273895,1.501985788345337,0,795.18,802.67,813.83,821.32,832.48,839.97,851.13,200000
9,Adani Power Limited,ADANIPOWER-EQ,17388,369.15,1711.9444143772125,1.638620138168335,0,344.57,350.78,359.97,366.18,375.37,381.58,390.77,200000
10,Adani Total Gas Ltd.,ATGL-EQ,6066,644.8,1712.096007347107,1.791210651397705,0,630.28,636.67,640.73,647.12,651.18,657.57,661.63,200000
11,Adani Wilmar Ltd.,AWL-EQ,8110,354.6,1712.2715411186218,1.9667444229125977,0,341.5,347.0,350.8,356.3,360.1,365.6,369.4,200000
12,Aditya Birla Capital Ltd.,ABCAPITAL-EQ,21614,186.9,1712.422137260437,2.117340564727783,0,183.63,185.07,185.98,187.42,188.33,189.77,190.68,200000
13,Aditya Birla Fashion and Retail Ltd.,ABFRL-EQ,30108,229.35,1712.56076669693,2.256967067718506,0,224.37,226.68,228.02,230.33,231.67,233.98,235.32,200000
14,Alkem Laboratories Ltd.,ALKEM-EQ,11703,3621.25,1712.715353012085,2.411553382873535,0,3558.98,3585.72,3603.48,3630.22,3647.98,3674.72,3692.48,200000
15,Ambuja Cements Ltd.,AMBUJACEM-EQ,1270,439.2,1712.850991487503,2.548189401626587,0,432.7,434.8,437.0,439.1,441.3,443.4,445.6,200000
16,Apollo Hospitals Enterprises Ltd.,APOLLOHOSP-EQ,157,4985.15,1713.0225319862366,2.7197299003601074,0,4886.95,4932.45,4958.8,5004.3,5030.65,5076.15,5102.5,200000
17,Apollo Tyres Ltd.,APOLLOTYRE-EQ,163,381.65,1713.1631553173065,2.8613505363464355,0,373.85,377.45,379.55,383.15,385.25,388.85,390.95,200000
18,Ashok Leyland Ltd.,ASHOKLEY-EQ,212,183.6,1713.338686466217,3.036881685256958,0,179.4,181.0,182.3,183.9,185.2,186.8,188.1,200000
19,Asian Paints Ltd.,ASIANPAINT-EQ,236,3238.05,1713.4633493423462,3.1625452041625977,0,3194.63,3213.32,3225.68,3244.37,3256.73,3275.42,3287.78,200000
20,Astral Ltd.,ASTRAL-EQ,14418,1909.3,1713.6348912715912,3.3340871334075928,0,1872.85,1883.0,1896.15,1906.3,1919.45,1929.6,1942.75,200000
21,Aurobindo Pharma Ltd.,AUROPHARMA-EQ,275,858.5,1713.7635478973389,3.463740348815918,0,837.27,843.63,851.07,857.43,864.87,871.23,878.67,200000
22,Avenue Supermarts Ltd.,DMART-EQ,19913,3782.4,1713.886219739914,3.586412191390991,0,3714.93,3745.47,3763.93,3794.47,3812.93,3843.47,3861.93,200000
23,Axis Bank Ltd.,AXISBANK-EQ,5900,980.3,1714.094664812088,3.795853614807129,0,957.97,965.23,972.77,980.03,987.57,994.83,1002.37,200000
24,Bajaj Auto Ltd.,BAJAJ-AUTO-EQ,16669,4759.55,1714.2442638874054,3.9454526901245117,0,4631.4,4667.05,4713.3,4748.95,4795.2,4830.85,4877.1,200000
25,Bajaj Finance,BAJFINANCE-EQ,317,7410.65,1714.366934299469,4.069121599197388,0,7290.5,7330.25,7370.45,7410.2,7450.4,7490.15,7530.35,200000
26,Bajaj Finserv Ltd.,BAJAJFINSV-EQ,16675,1541.0,1714.5384767055511,4.240664005279541,0,1490.68,1507.87,1524.43,1541.62,1558.18,1575.37,1591.93,200000
27,Bajaj Holdings & Investment Ltd.,BAJAJHLDNG-EQ,305,7141.8,1714.68608045578,4.389265537261963,0,6997.87,7062.93,7102.37,7167.43,7206.87,7271.93,7311.37,200000
28,Balkrishna Industries Ltd.,BALKRISIND-EQ,335,2402.4,1714.7997767925262,4.502961874008179,0,2358.75,2372.5,2387.45,2401.2,2416.15,2429.9,2444.85,200000
29,Bandhan Bank Ltd.,BANDHANBNK-EQ,2263,243.4,0.0,0.0,0,231.52,234.83,239.12,242.43,246.72,250.03,254.32,200000
30,Bank of Baroda,BANKBARODA-EQ,4668,197.8,1714.9703266620636,4.807150602340698,0,192.2,194.2,196.0,198.0,199.8,201.8,203.6,200000
31,Bank of India,BANKINDIA-EQ,4745,93.0,1715.1119465827942,4.949767589569092,0,91.2,91.9,92.45,93.15,93.7,94.4,94.95,200000
32,Bata India Ltd.,BATAINDIA-EQ,371,1723.45,0.0,0.0,0,1684.57,1700.88,1712.17,1728.48,1739.77,1756.08,1767.37,200000
33,Berger Paints India Ltd.,BERGEPAINT-EQ,404,716.9,1715.2525703907013,5.222040414810181,0,699.17,703.83,710.37,715.03,721.57,726.23,732.77,200000
34,Bharat Electronics Ltd.,BEL-EQ,383,143.3,0.0,0.0,0,136.8,138.5,140.9,142.6,145.0,146.7,149.1,200000
35,Bharat Forge Ltd.,BHARATFORG-EQ,422,1105.4,1715.4689927101135,5.555150032043457,0,1080.6,1087.4,1096.4,1103.2,1112.2,1119.0,1128.0,200000
36,Bharat Heavy Electricals Ltd.,BHEL-EQ,438,145.3,1715.6116104125977,5.697767734527588,0,132.67,135.63,140.47,143.43,148.27,151.23,156.07,200000
37,Bharat Petroleum Corporation Ltd.,BPCL-EQ,526,361.95,0.0,0.0,0,345.38,349.72,355.83,360.17,366.28,370.62,376.73,200000
38,Bharti Airtel Ltd.,BHARTIARTL-EQ,10604,885.85,0.0,0.0,0,866.62,872.38,879.12,884.88,891.62,897.38,904.12,200000
39,Biocon Ltd.,BIOCON-EQ,11373,266.4,1715.7931215763092,6.144573926925659,0,261.77,263.83,265.12,267.18,268.47,270.53,271.82,200000
40,Bosch Ltd.,BOSCHLTD-EQ,2181,19403.2,0.0,0.0,0,19052.13,19131.07,19267.13,19346.07,19482.13,19561.07,19697.13,200000
41,Britannia Industries Ltd.,BRITANNIA-EQ,547,4540.5,1715.926765203476,6.422828435897827,0,4485.2,4499.5,4520.0,4534.3,4554.8,4569.1,4589.6,200000
42,CG Power and Industrial Solutions Ltd.,CGPOWER-EQ,760,455.25,1716.0763654708862,6.573427438735962,0,441.48,446.02,450.63,455.17,459.78,464.32,468.93,200000
43,Canara Bank,CANBK-EQ,10794,339.1,1716.2538902759552,6.750952243804932,0,327.23,331.37,335.23,339.37,343.23,347.37,351.23,200000
44,Cholamandalam Investment and Finance Company,CHOLAFIN-EQ,685,1175.95,0.0,0.0,0,1088.37,1110.18,1143.07,1164.88,1197.77,1219.58,1252.47,200000
45,Cipla Ltd.,CIPLA-EQ,694,1244.6,0.0,0.0,0,1212.07,1225.53,1235.07,1248.53,1258.07,1271.53,1281.07,200000
46,Coal India Ltd,COALINDIA-EQ,20374,282.1,1717.389856338501,8.19209909439087,0,260.3,265.6,273.85,279.15,287.4,292.7,300.95,200000
47,Coforge Ltd.,COFORGE-EQ,11543,5550.6,0.0,0.0,0,5416.32,5472.93,5511.77,5568.38,5607.22,5663.83,5702.67,200000
48,Colgate Palmolive (India) Ltd.,COLPAL-EQ,15141,2015.4,0.0,0.0,0,1970.43,1988.77,2002.08,2020.42,2033.73,2052.07,2065.38,200000
49,Container Corporation of India Ltd.,CONCOR-EQ,4749,708.9,1717.53746175766,8.64488935470581,0,661.05,674.8,691.85,705.6,722.65,736.4,753.45,200000
50,Coromandel International Ltd.,COROMANDEL-EQ,739,1124.2,0.0,0.0,0,1087.22,1104.53,1114.37,1131.68,1141.52,1158.83,1168.67,200000
51,Crompton Greaves Ltd.,CROMPTON-EQ,17094,316.2,1717.626224040985,8.929129123687744,0,307.22,310.33,313.27,316.38,319.32,322.43,325.37,200000
52,Cummins India Ltd.,CUMMINSIND-EQ,1901,1755.35,1717.7578718662262,9.061774253845215,0,1715.5,1726.45,1740.9,1751.85,1766.3,1777.25,1791.7,200000
53,DLF Ltd.,DLF-EQ,14732,540.0,0.0,0.0,0,519.73,525.57,532.78,538.62,545.83,551.67,558.88,200000
54,Dabur India Ltd.,DABUR-EQ,772,567.1,1717.9603304862976,9.402862071990967,0,558.78,561.17,564.13,566.52,569.48,571.87,574.83,200000
55,Dalmia Bharat Ltd.,DALBHARAT-EQ,8075,2322.1,1718.0929775238037,9.536505937576294,0,2257.45,2272.5,2297.3,2312.35,2337.15,2352.2,2377.0,200000
56,Deepak Nitrite,DEEPAKNTR-EQ,19943,2319.25,1718.2256217002869,9.669150114059448,0,2223.4,2263.95,2291.6,2332.15,2359.8,2400.35,2428.0,200000
57,Delhivery Ltd.,DELHIVERY-EQ,9599,437.4,0.0,0.0,0,422.67,429.33,433.37,440.03,444.07,450.73,454.77,200000
58,Devyani International Ltd.,DEVYANI-EQ,5373,222.45,1718.3891861438751,9.972341060638428,0,214.45,217.55,220.0,223.1,225.55,228.65,231.1,200000
59,Divi's Laboratories Ltd.,DIVISLAB-EQ,10940,3698.8,1718.538785457611,10.12293791770935,0,3630.68,3649.47,3674.13,3692.92,3717.58,3736.37,3761.03,200000
60,Dixon Technologies (India) Ltd.,DIXON-EQ,21690,5121.2,1718.6953661441803,10.279518604278564,0,4997.45,5031.5,5076.35,5110.4,5155.25,5189.3,5234.15,200000
61,Dr. Lal Pathlabs Ltd.,LALPATHLAB-EQ,11654,2217.4,0.0,0.0,0,2137.03,2174.07,2195.73,2232.77,2254.43,2291.47,2313.13,200000
62,Dr. Reddy's Laboratories Ltd.,DRREDDY-EQ,881,5583.8,1718.8240139484406,10.545806646347046,0,5494.33,5532.17,5557.98,5595.82,5621.63,5659.47,5685.28,200000
63,Eicher Motors Ltd.,EICHERMOT-EQ,910,3370.9,1719.0105171203613,10.732309818267822,0,3315.63,3340.87,3355.88,3381.12,3396.13,3421.37,3436.38,200000
64,Escorts Kubota Ltd.,ESCORTS-EQ,958,3185.4,0.0,0.0,0,3091.73,3115.87,3150.63,3174.77,3209.53,3233.67,3268.43,200000
65,FSN E-Commerce Ventures Ltd.,NYKAA-EQ,6545,146.05,0.0,0.0,0,140.17,142.08,144.07,145.98,147.97,149.88,151.87,200000
66,Federal Bank Ltd.,FEDERALBNK-EQ,1023,147.5,1719.1521463394165,11.170138359069824,0,142.35,143.7,145.6,146.95,148.85,150.2,152.1,200000
67,Fortis Healthcare Ltd.,FORTIS-EQ,14592,339.3,0.0,0.0,0,326.37,330.33,334.82,338.78,343.27,347.23,351.72,200000
68,GAIL (India) Ltd.,GAIL-EQ,4717,128.05,0.0,0.0,0,123.4,124.65,126.35,127.6,129.3,130.55,132.25,200000
69,Gland Pharma Ltd.,GLAND-EQ,1186,1692.35,0.0,0.0,0,1656.7,1670.85,1681.6,1695.75,1706.5,1720.65,1731.4,200000
70,Godrej Consumer Products Ltd.,GODREJCP-EQ,10099,1020.3,1719.2847917079926,11.772528648376465,0,1000.37,1005.63,1012.97,1018.23,1025.57,1030.83,1038.17,200000
71,Godrej Properties Ltd.,GODREJPROP-EQ,17875,1693.25,0.0,0.0,0,1614.52,1633.78,1663.52,1682.78,1712.52,1731.78,1761.52,200000
72,Grasim Industries Ltd.,GRASIM-EQ,1232,1849.75,1719.680732011795,12.311087369918823,0,1825.0,1832.55,1841.15,1848.7,1857.3,1864.85,1873.45,200000
73,Gujarat Fluorochemicals Ltd.,FLUOROCHEM-EQ,13750,3067.3,0.0,0.0,0,2917.37,2966.43,3016.87,3065.93,3116.37,3165.43,3215.87,200000
74,Gujarat Gas Co. Ltd.,GUJGASLTD-EQ,10599,464.4,1719.8153712749481,12.600314855575562,0,459.0,461.0,462.7,464.7,466.4,468.4,470.1,200000
75,HCL Technologies Ltd.,HCLTECH-EQ,7229,1262.05,1719.9599843025208,12.744927883148193,0,1239.13,1246.72,1254.38,1261.97,1269.63,1277.22,1284.88,200000
76,HDFC Asset Management Company Ltd.,HDFCAMC-EQ,4244,2535.8,1720.0846507549286,12.870590686798096,0,2479.2,2494.6,2515.2,2530.6,2551.2,2566.6,2587.2,200000
77,HDFC Bank Ltd.,HDFCBANK-EQ,1333,1623.4,0.0,0.0,0,1584.4,1596.0,1609.7,1621.3,1635.0,1646.6,1660.3,200000
78,HDFC Life Insurance Company Ltd.,HDFCLIFE-EQ,467,657.45,1720.2412326335907,13.163807392120361,0,645.48,649.22,653.33,657.07,661.18,664.92,669.03,200000
79,Havell's India Ltd.,HAVELLS-EQ,9819,1450.25,0.0,0.0,0,1321.5,1348.75,1399.5,1426.75,1477.5,1504.75,1555.5,200000
80,Hero MotoCorp Ltd.,HEROMOTOCO-EQ,1348,3008.75,1720.4426941871643,13.497913599014282,0,2903.42,2931.78,2970.27,2998.63,3037.12,3065.48,3103.97,200000
81,Hindalco Industries Ltd.,HINDALCO-EQ,1363,476.15,1720.578331708908,13.634549140930176,0,458.53,463.12,469.63,474.22,480.73,485.32,491.83,200000
82,Hindustan Aeronautics Ltd.,HAL-EQ,2303,4105.55,1720.7169606685638,13.773178100585938,0,3970.17,4010.58,4058.07,4098.48,4145.97,4186.38,4233.87,200000
83,Hindustan Petroleum Corporation Ltd.,HINDPETRO-EQ,1406,260.4,1720.8506059646606,13.907820463180542,0,245.87,249.93,255.17,259.23,264.47,268.53,273.77,200000
84,Hindustan Unilever Ltd.,HINDUNILVR-EQ,1394,2513.8,1720.992224931717,14.049439430236816,0,2483.72,2492.63,2503.22,2512.13,2522.72,2531.63,2542.22,200000
85,Hindustan Zinc Ltd.,HINDZINC-EQ,1424,320.2,0.0,0.0,0,316.33,318.17,319.18,321.02,322.03,323.87,324.88,200000
86,Honeywell Automation India Ltd.,HONAUT-EQ,3417,39024.7,1721.112901210785,14.367589473724365,0,38236.6,38518.3,38771.5,39053.2,39306.4,39588.1,39841.3,200000
87,ICICI Bank Ltd.,ICICIBANK-EQ,4963,970.55,1721.2834486961365,14.539132595062256,0,949.12,955.18,962.87,968.93,976.62,982.68,990.37,200000
88,ICICI Lombard General Insurance Company Ltd.,ICICIGI-EQ,21770,1349.0,1721.4210793972015,14.67676329612732,0,1323.07,1333.23,1341.12,1351.28,1359.17,1369.33,1377.22,200000
89,ICICI Prudential Life Insurance Company,ICICIPRULI-EQ,18652,556.7,1721.618551492691,14.874235391616821,0,523.58,534.67,545.68,556.77,567.78,578.87,589.88,200000
90,IDFC First Bank Ltd.,IDFCFIRSTB-EQ,11184,95.35,1721.7791175842285,15.035803318023682,0,91.92,93.28,94.32,95.68,96.72,98.08,99.12,200000
91,ITC Ltd.,ITC-EQ,1660,0.0,1721.9416830539703,15.198368787765503,0,0.0,0.0,0.0,0.0,0.0,0.0,0.0,200000
92,Indian Bank,INDIANB-EQ,14309,389.15,1722.0942771434784,15.35096287727356,0,378.1,382.55,385.85,390.3,393.6,398.05,401.35,200000
93,Indian Hotels Co. Ltd.,INDHOTEL-EQ,1512,429.55,1722.248860836029,15.505546569824219,0,423.17,425.58,427.57,429.98,431.97,434.38,436.37,200000
94,Indian Oil Corporation Ltd.,IOC-EQ,1624,94.0,0.0,0.0,0,88.65,90.1,92.05,93.5,95.45,96.9,98.85,200000
95,Indian Railway Catering & Tourism Corp Ltd.,IRCTC-EQ,13611,725.55,0.0,0.0,0,651.87,679.58,702.57,730.28,753.27,780.98,803.97,200000
96,Indian Railway Finance Corporation Ltd.,IRFC-EQ,2029,77.1,1722.4194056987762,15.935397863388062,0,71.88,73.27,75.18,76.57,78.48,79.87,81.78,200000
97,Indraprastha Gas Ltd.,IGL-EQ,11262,481.75,1722.5490589141846,16.065051078796387,0,466.27,471.28,476.52,481.53,486.77,491.78,497.02,200000
98,Indus Towers Ltd.,INDUSTOWER-EQ,29135,188.0,1722.6876904964447,16.20467758178711,0,178.0,181.4,184.7,188.1,191.4,194.8,198.1,200000
99,IndusInd Bank Ltd.,INDUSINDBK-EQ,5258,1448.85,0.0,0.0,0,1409.47,1421.78,1435.32,1447.63,1461.17,1473.48,1487.02,200000
100,Info Edge (India) Ltd.,NAUKRI-EQ,13751,4477.75,1722.8133563995361,16.47994089126587,0,4382.12,4406.08,4441.92,4465.88,4501.72,4525.68,4561.52,200000
101,Infosys Ltd.,INFY-EQ,1594,1469.6,1722.985895872116,16.652480363845825,0,1447.07,1453.63,1461.62,1468.18,1476.17,1482.73,1490.72,200000
102,Interglobe Aviation,INDIGO-EQ,11195,2473.5,1723.164419412613,16.83100390434265,0,2386.17,2417.83,2445.67,2477.33,2505.17,2536.83,2564.67,200000
103,Ipca Laboratories Ltd.,IPCALAB-EQ,1633,902.85,1723.3229944705963,16.990577220916748,0,875.53,882.42,892.63,899.52,909.73,916.62,926.83,200000
104,JSW Energy Ltd.,JSWENERGY-EQ,17869,394.55,1723.439682006836,17.107264757156372,0,365.13,372.12,383.33,390.32,401.53,408.52,419.73,200000
105,JSW Steel Ltd.,JSWSTEEL-EQ,11723,815.75,1723.6032445430756,17.270827293395996,0,796.17,803.38,809.57,816.78,822.97,830.18,836.37,200000
106,Jindal Steel & Power Ltd.,JINDALSTEL-EQ,6733,698.3,1723.7618227005005,17.429405450820923,0,681.9,688.7,693.5,700.3,705.1,711.9,716.7,200000
107,Jio Financial Services Ltd.,WEALTH-EQ,1923,253.2,1723.9293735027313,17.596956253051758,0,244.63,247.07,250.13,252.57,255.63,258.07,261.13,200000
108,Jubliant Foodworks Limited,JUBLFOOD-EQ,18096,532.7,1724.0660076141357,17.733590364456177,0,519.47,523.23,527.97,531.73,536.47,540.23,544.97,200000
109,Kotak Mahindra Bank Ltd.,KOTAKBANK-EQ,1922,1793.2,1724.1976571083069,17.866236209869385,0,1758.05,1769.8,1781.5,1793.25,1804.95,1816.7,1828.4,200000
110,L&T Finance Holdings Ltd.,L&TFH-EQ,24948,129.35,1724.3871500492096,18.055729150772095,0,127.37,128.18,128.77,129.58,130.17,130.98,131.57,200000
111,L&T Technology Services,LTTS-EQ,18564,4654.2,1724.5317635536194,18.200342655181885,0,4555.8,4589.4,4621.8,4655.4,4687.8,4721.4,4753.8,200000
112,LIC Housing Finance Ltd.,LICHSGFIN-EQ,1997,452.95,1724.663411140442,18.331990242004395,0,442.97,446.58,449.77,453.38,456.57,460.18,463.37,200000
113,LTIMindtree Ltd.,LTIM-EQ,17818,5478.5,1724.818995475769,18.487574577331543,0,5401.0,5425.5,5452.0,5476.5,5503.0,5527.5,5554.0,200000
114,Larsen & Toubro Ltd.,LT-EQ,11483,2901.6,1724.9466536045074,18.615232706069946,0,2816.88,2844.67,2873.13,2900.92,2929.38,2957.17,2985.63,200000
115,Laurus Labs Ltd.,LAURUSLABS-EQ,19234,410.25,1725.1092205047607,18.778796672821045,0,393.42,397.28,403.77,407.63,414.12,417.98,424.47,200000
116,Life Insurance Corporation of India,LICI-EQ,9480,674.15,1725.2797646522522,18.9493408203125,0,658.37,665.78,669.97,677.38,681.57,688.98,693.17,200000
117,Lupin Ltd.,LUPIN-EQ,10440,1128.6,0.0,0.0,0,1092.22,1105.43,1117.02,1130.23,1141.82,1155.03,1166.62,200000
118,MRF Ltd.,MRF-EQ,2277,108858.0,1725.3914618492126,19.217622756958008,0,107677.0,108138.0,108498.0,108959.0,109319.0,109780.0,110140.0,200000
119,Mahindra & Mahindra Financial Services Ltd.,M&MFIN-EQ,13285,301.65,0.0,0.0,0,291.75,296.05,298.85,303.15,305.95,310.25,313.05,200000
120,Mahindra & Mahindra Ltd.,M&M-EQ,2031,1567.55,1725.5410618782043,19.515825033187866,0,1541.03,1550.52,1559.03,1568.52,1577.03,1586.52,1595.03,200000
121,Mankind Pharma Ltd.,MANKIND-EQ,15380,1756.55,1725.7195854187012,19.694348573684692,0,1707.43,1730.22,1743.38,1766.17,1779.33,1802.12,1815.28,200000
122,Marico Ltd.,MARICO-EQ,4067,586.65,1725.867190361023,19.84195351600647,0,577.02,579.88,583.27,586.13,589.52,592.38,595.77,200000
123,Maruti Suzuki India Ltd.,MARUTI-EQ,10999,10332.0,1726.0068168640137,19.982577800750732,0,10188.0,10244.0,10288.0,10344.0,10388.0,10444.0,10488.0,200000
124,Max Financial Services Ltd.,MFSL-EQ,2142,935.5,1726.134474992752,20.110235929489136,0,902.15,914.9,925.2,937.95,948.25,961.0,971.3,200000
125,Max Healthcare Institute Ltd.,MAXHEALTH-EQ,22377,603.0,1726.265126466751,20.24088740348816,0,578.77,585.93,594.47,601.63,610.17,617.33,625.87,200000
126,Motherson Sumi Wiring India Ltd.,MSUMI-EQ,8596,66.7,0.0,0.0,0,64.8,65.3,66.0,66.5,67.2,67.7,68.4,200000
127,MphasiS Ltd.,MPHASIS-EQ,4503,2466.15,0.0,0.0,0,2402.1,2422.45,2444.3,2464.65,2486.5,2506.85,2528.7,200000
128,Muthoot Finance,MUTHOOTFIN-EQ,23650,1284.2,1726.4566178321838,20.7186119556427,0,1262.68,1269.77,1276.98,1284.07,1291.28,1298.37,1305.58,200000
129,NHPC LIMITED,NHPC-EQ,17400,52.8,1726.601229429245,20.864221334457397,0,49.87,51.03,51.92,53.08,53.97,55.13,56.02,200000
130,NMDC Ltd.,NMDC-EQ,15332,142.4,1726.7548172473907,21.01780915260315,0,137.05,139.4,140.9,143.25,144.75,147.1,148.6,200000
131,NTPC Ltd.,NTPC-EQ,11630,240.25,0.0,0.0,0,227.03,231.02,235.63,239.62,244.23,248.22,252.83,200000
132,Navin Fluorine International Ltd.,NAVINFLUOR-EQ,14672,4662.45,1726.9313480854034,21.319005489349365,0,4559.3,4604.65,4633.55,4678.9,4707.8,4753.15,4782.05,200000
133,Nestle India Ltd.,NESTLEIND-EQ,17963,21883.2,1727.108875989914,21.49753165245056,0,21666.4,21748.2,21815.7,21897.5,21965.0,22046.8,22114.3,200000
134,Oberoi Realty Ltd.,OBEROIRLTY-EQ,20242,1179.6,1727.2455065250397,21.634162187576294,0,1127.07,1140.73,1160.17,1173.83,1193.27,1206.93,1226.37,200000
135,Oil & Natural Gas Corporation Ltd.,ONGC-EQ,2475,184.45,1727.3821411132812,21.77079677581787,0,179.7,180.85,182.65,183.8,185.6,186.75,188.55,200000
136,Oil India Ltd.,OIL-EQ,17438,281.35,0.0,0.0,0,276.37,278.58,279.97,282.18,283.57,285.78,287.17,200000
137,One 97 Communications Ltd.,PAYTM-EQ,6705,905.4,0.0,0.0,0,849.93,866.67,886.03,902.77,922.13,938.87,958.23,200000
138,Oracle Financial Services Software Ltd.,OFSS-EQ,10738,4347.75,1727.566650390625,22.234558820724487,0,4171.27,4212.88,4280.32,4321.93,4389.37,4430.98,4498.42,200000
139,PB Fintech Ltd.,POLICYBZR-EQ,6656,799.25,0.0,0.0,0,750.75,763.15,781.2,793.6,811.65,824.05,842.1,200000
140,PI Industries Limited,PIIND-EQ,24184,3655.5,1727.7740936279297,22.572653770446777,0,3588.95,3611.0,3633.25,3655.3,3677.55,3699.6,3721.85,200000
141,Page Industries,PAGEIND-EQ,14413,41858.0,0.0,0.0,0,40369.33,41077.87,41467.93,42176.47,42566.53,43275.07,43665.13,200000
142,Patanjali Foods Ltd.,PATANJALI-EQ,17030,1291.1,1727.9256913661957,22.87783932685852,0,1235.73,1250.37,1270.73,1285.37,1305.73,1320.37,1340.73,200000
143,Persistent Systems Ltd.,PERSISTENT-EQ,18365,5971.05,1728.0942368507385,23.047384023666382,0,5735.1,5793.05,5882.05,5940.0,6029.0,6086.95,6175.95,200000
144,Petronet LNG Ltd.,PETRONET-EQ,11351,250.2,1728.2408456802368,23.193992853164673,0,238.12,242.03,246.12,250.03,254.12,258.03,262.12,200000
145,Pidilite Industries Ltd.,PIDILITIND-EQ,2664,2505.05,1728.438316822052,23.39146399497986,0,2465.6,2478.65,2491.85,2504.9,2518.1,2531.15,2544.35,200000
146,Piramal Enterprises,PEL-EQ,2412,1089.45,1728.5629794597626,23.517127752304077,0,1055.13,1064.22,1076.83,1085.92,1098.53,1107.62,1120.23,200000
147,Polycab India Ltd.,POLYCAB-EQ,9590,5199.3,1728.7026064395905,23.656754732131958,0,5128.6,5146.8,5173.05,5191.25,5217.5,5235.7,5261.95,200000
148,Poonawalla Fincorp Ltd.,POONAWALLA-EQ,11403,389.95,1728.8781368732452,23.832285165786743,0,380.17,384.38,387.17,391.38,394.17,398.38,401.17,200000
149,Power Finance Corporation Ltd.,PFC-EQ,14299,305.1,0.0,0.0,0,245.87,258.43,281.77,294.33,317.67,330.23,353.57,200000
150,Power Grid Corporation of India Ltd.,POWERGRID-EQ,14977,258.65,1729.0008130073547,24.098573923110962,0,252.53,254.82,256.73,259.02,260.93,263.22,265.13,200000
151,Prestige Estates Projects Ltd.,PRESTIGE-EQ,20302,647.8,0.0,0.0,0,609.62,620.53,634.17,645.08,658.72,669.63,683.27,200000
152,Procter & Gamble Hygiene & Health Care Ltd.,PGHH-EQ,2535,17137.9,0.0,0.0,0,16195.43,16458.77,16798.33,17061.67,17401.23,17664.57,18004.13,200000
153,Punjab National Bank,PNB-EQ,10666,66.85,1729.190309047699,24.569315671920776,0,65.25,65.75,66.3,66.8,67.35,67.85,68.4,200000
154,REC Ltd.,RECLTD-EQ,15355,270.15,0.0,0.0,0,223.7,234.05,252.1,262.45,280.5,290.85,308.9,200000
155,Reliance Industries Ltd.,RELIANCE-EQ,2885,2448.2,1729.326942205429,24.846574068069458,0,2395.72,2409.33,2428.77,2442.38,2461.82,2475.43,2494.87,200000
156,SBI Cards & Payment Services Ltd.,SBICARD-EQ,17971,839.9,1729.4934976100922,25.01412606239319,0,821.43,827.97,833.93,840.47,846.43,852.97,858.93,200000
157,SBI Life Insurance Company Ltd.,SBILIFE-EQ,21808,1341.45,1729.6251468658447,25.145775318145752,0,1318.95,1326.65,1334.05,1341.75,1349.15,1356.85,1364.25,200000
158,SRF Ltd.,SRF-EQ,3273,2440.3,0.0,0.0,0,2389.53,2413.77,2427.03,2451.27,2464.53,2488.77,2502.03,200000
159,Samvardhana Motherson International Ltd.,MOTHERSON-EQ,4204,99.55,1729.714903831482,25.41305899620056,0,98.13,98.72,99.13,99.72,100.13,100.72,101.13,200000
160,Shree Cement Ltd.,SHREECEM-EQ,3103,25973.1,1729.860517501831,25.55966830253601,0,25333.13,25491.57,25732.33,25890.77,26131.53,26289.97,26530.73,200000
161,Shriram Finance Ltd.,SHRIRAMFIN-EQ,4306,1953.85,0.0,0.0,0,1860.63,1881.72,1917.78,1938.87,1974.93,1996.02,2032.08,200000
162,Siemens Ltd.,SIEMENS-EQ,3150,3945.6,1730.0659639835358,25.9097318649292,0,3878.62,3903.33,3924.47,3949.18,3970.32,3995.03,4016.17,200000
163,Sona BLW Precision Forgings Ltd.,SONACOMS-EQ,4684,591.9,1730.2105765342712,26.054344415664673,0,572.52,576.83,584.37,588.68,596.22,600.53,608.07,200000
164,State Bank of India,SBIN-EQ,3045,583.45,1730.3382382392883,26.183000326156616,0,570.47,575.08,579.27,583.88,588.07,592.68,596.87,200000
165,Steel Authority of India Ltd.,SAIL-EQ,2963,98.9,1730.5018017292023,26.346563816070557,0,95.4,96.7,97.8,99.1,100.2,101.5,102.6,200000
166,Sun Pharmaceutical Industries Ltd.,SUNPHARMA-EQ,3351,1130.45,1730.6593809127808,26.504142999649048,0,1117.07,1122.78,1126.62,1132.33,1136.17,1141.88,1145.72,200000
167,Sun TV Network Ltd.,SUNTV-EQ,13404,619.95,1730.8049910068512,26.649753093719482,0,604.32,610.18,615.07,620.93,625.82,631.68,636.57,200000
168,Syngene International Ltd.,SYNGENE-EQ,10243,839.5,0.0,0.0,0,820.0,828.5,834.0,842.5,848.0,856.5,862.0,200000
169,TVS Motor Company Ltd.,TVSMOTOR-EQ,8479,1480.55,1730.9127032756805,26.904072999954224,0,1461.4,1467.75,1474.15,1480.5,1486.9,1493.25,1499.65,200000
170,Tata Chemicals Ltd.,TATACHEM-EQ,3405,1085.3,0.0,0.0,0,1067.13,1074.37,1079.83,1087.07,1092.53,1099.77,1105.23,200000
171,Tata Communications Ltd.,TATACOMM-EQ,3721,1885.25,1731.0692856311798,27.190308809280396,0,1836.95,1854.25,1869.75,1887.05,1902.55,1919.85,1935.35,200000
172,Tata Consultancy Services Ltd.,TCS-EQ,11536,3441.9,1731.2318496704102,27.35387134552002,0,3399.68,3417.37,3429.63,3447.32,3459.58,3477.27,3489.53,200000
173,Tata Consumer Products Ltd.,TATACONSUM-EQ,3432,853.1,1731.3854384422302,27.507460117340088,0,835.18,843.47,848.28,856.57,861.38,869.67,874.48,200000
174,Tata Elxsi Ltd.,TATAELXSI-EQ,3411,7366.2,1731.5559840202332,27.679002046585083,0,7243.87,7299.43,7332.82,7388.38,7421.77,7477.33,7510.72,200000
175,Tata Motors Ltd.,TATAMOTORS-EQ,3456,627.25,1731.6806507110596,27.8036687374115,0,603.3,608.75,618.0,623.45,632.7,638.15,647.4,200000
176,Tata Power Co. Ltd.,TATAPOWER-EQ,3426,268.85,1731.8212740421295,27.945290088653564,0,250.07,256.88,262.87,269.68,275.67,282.48,288.47,200000
177,Tata Steel Ltd.,TATASTEEL-EQ,3499,129.5,1731.9768574237823,28.100873470306396,0,126.13,127.67,128.58,130.12,131.03,132.57,133.48,200000
178,Tata Teleservices (Maharashtra) Ltd.,TTML-EQ,8954,95.4,1732.4266557693481,28.551668405532837,0,92.48,93.67,94.53,95.72,96.58,97.77,98.63,200000
179,Tech Mahindra Ltd.,TECHM-EQ,13538,1262.95,1732.583237171173,28.708249807357788,0,1236.38,1247.72,1255.33,1266.67,1274.28,1285.62,1293.23,200000
180,The Ramco Cements Ltd.,RAMCOCEM-EQ,2043,902.5,1732.730843782425,28.85585641860962,0,876.33,882.97,892.73,899.37,909.13,915.77,925.53,200000
181,Titan Company Ltd.,TITAN-EQ,3506,3199.1,1732.8754556179047,29.001465797424316,0,3147.4,3160.1,3179.6,3192.3,3211.8,3224.5,3244.0,200000
182,Torrent Pharmaceuticals Ltd.,TORNTPHARM-EQ,3518,1872.75,0.0,0.0,0,1818.63,1840.32,1856.53,1878.22,1894.43,1916.12,1932.33,200000
183,Torrent Power Ltd.,TORNTPOWER-EQ,13786,725.45,1733.0469992160797,29.303658962249756,0,705.85,712.55,719.0,725.7,732.15,738.85,745.3,200000
184,Trent Ltd.,TRENT-EQ,1964,2086.55,0.0,0.0,0,1994.47,2030.88,2058.72,2095.13,2122.97,2159.38,2187.22,200000
185,TRIDENT Ltd.,TRIDENT-EQ,9685,40.55,1733.1497213840485,29.553987979888916,0,38.85,39.65,40.1,40.9,41.35,42.15,42.6,200000
186,Tube Investments of India Ltd.,TIINDIA-EQ,312,3313.0,1733.2883522510529,29.69361686706543,0,3132.0,3181.0,3247.0,3296.0,3362.0,3411.0,3477.0,200000
187,UPL Ltd.,UPL-EQ,11287,606.8,1733.421992778778,29.82725739479065,0,594.67,600.33,603.57,609.23,612.47,618.13,621.37,200000
188,UltraTech Cement Ltd.,ULTRACEMCO-EQ,11532,8430.55,1733.560623407364,29.965888023376465,0,8220.37,8310.18,8370.37,8460.18,8520.37,8610.18,8670.37,200000
189,Union Bank of India,UNIONBANK-EQ,10753,88.1,1733.7371525764465,30.14341378211975,0,85.87,86.83,87.47,88.43,89.07,90.03,90.67,200000
190,United Breweries Ltd.,UBL-EQ,16713,1680.05,1733.9047048091888,30.31096601486206,0,1641.28,1651.82,1665.93,1676.47,1690.58,1701.12,1715.23,200000
191,United Spirits Ltd.,MCDOWELL-N-EQ,10447,1055.2,1734.0622832775116,30.469541311264038,0,1032.88,1040.47,1047.83,1055.42,1062.78,1070.37,1077.73,200000
192,Varun Beverages Ltd.,VBL-EQ,18921,909.9,1734.2378132343292,30.645071268081665,0,883.55,894.3,902.1,912.85,920.65,931.4,939.2,200000
193,Vedanta Ltd,VEDL-EQ,3063,237.75,1734.396389722824,30.80464506149292,0,233.07,234.88,236.32,238.13,239.57,241.38,242.82,200000
194,Vodafone Idea Ltd.,IDEA-EQ,14366,10.5,1734.5260441303253,30.93429946899414,0,9.75,10.1,10.3,10.65,10.85,11.2,11.4,200000
195,Voltas Ltd.,VOLTAS-EQ,3718,904.95,1734.7125449180603,31.120800256729126,0,880.05,886.45,895.7,902.1,911.35,917.75,927.0,200000
196,Whirpool Of India Ltd.,WHIRLPOOL-EQ,18011,1680.95,1734.8691256046295,31.27837872505188,0,1648.63,1659.32,1670.13,1680.82,1691.63,1702.32,1713.13,200000
197,Wipro Ltd.,WIPRO-EQ,3787,430.0,1734.9957864284515,31.4050395488739,0,424.23,426.77,428.38,430.92,432.53,435.07,436.68,200000
198,Yes Bank Ltd.,YESBANK-EQ,11915,18.35,0.0,0.0,0,17.47,17.88,18.12,18.53,18.77,19.18,19.42,200000
199,Zee Entertainment Enterprises Ltd.,ZEEL-EQ,3812,277.15,1735.1583516597748,31.719200134277344,0,263.77,269.88,273.52,279.63,283.27,289.38,293.02,200000
200,Zomato Ltd.,ZOMATO-EQ,5097,99.6,1735.3268887996674,31.888747692108154,0,96.6,97.8,98.7,99.9,100.8,102.0,102.9,200000
201,Zydus Lifesciences Ltd.,ZYDUSLIFE-EQ,7929,628.15,1735.451556444168,32.01341533660889,0,608.27,615.28,621.72,628.73,635.17,642.18,648.62,200000
