id,disc,sector,symbol,token,cap,O,H,L,C,s5,s4,s3,s2,s1,p,r1,r2,r3,r4,r5,ltp
1,Reliance Industries Ltd.,Oil Gas & Consumable Fuels,RELIANCE-EQ,2885,1577069.0,2383.0,2383.0,2325.0,2334.1,2182.466666666667,2218.1000000000004,2253.7333333333336,2289.366666666667,2311.7333333333336,2347.366666666667,2369.7333333333336,2405.366666666667,2427.7333333333336,2450.1000000000004,2472.466666666667,2349.3
2,Tata Consultancy Services Ltd.,Information Technology,TCS-EQ,11536,1173055.0,3600.0,3602.8,3527.35,3536.75,3338.6833333333325,3385.8499999999985,3433.016666666666,3480.183333333333,3508.4666666666662,3555.633333333333,3583.9166666666665,3631.0833333333335,3659.366666666667,3687.6500000000005,3715.9333333333343,3570.85
3,HDFC Bank Ltd.,Financial Services,HDFCBANK-EQ,1333,898087.0,1534.0,1537.6,1518.35,1523.7,1474.1500000000005,1485.2000000000003,1496.25,1507.3,1515.5,1526.55,1534.75,1545.8,1554.0,1562.2000000000003,1570.4000000000005,1535.75
4,ICICI Bank Ltd.,Financial Services,ICICIBANK-EQ,4963,612482.0,945.5,947.25,934.75,942.6,911.8833333333332,917.5999999999999,923.3166666666666,929.0333333333333,935.8166666666666,941.5333333333333,948.3166666666666,954.0333333333333,960.8166666666666,967.5999999999999,974.3833333333332,951.3
5,Hindustan Unilever Ltd.,Fast Moving Consumer Goods,HINDUNILVR-EQ,1394,601577.0,2500.0,2501.0,2453.2,2460.35,2335.2666666666655,2364.749999999999,2394.2333333333327,2423.7166666666662,2442.033333333333,2471.5166666666664,2489.833333333333,2519.3166666666666,2537.633333333333,2555.95,2574.2666666666664,2569.45
6,Infosys Ltd.,Information Technology,INFY-EQ,1594,592393.0,1467.9,1472.6,1435.0,1439.45,1340.666666666667,1364.250000000001,1387.8333333333335,1411.4166666666667,1425.4333333333334,1449.0166666666667,1463.0333333333333,1486.6166666666666,1500.6333333333332,1514.65,1528.666666666667,1431.15
7,ITC Ltd.,Fast Moving Consumer Goods,ITC-EQ,1660,476322.0,449.95,449.95,439.6,440.75,413.53333333333353,420.05000000000007,426.5666666666667,433.08333333333337,436.9166666666667,443.43333333333334,447.26666666666665,453.7833333333333,457.6166666666666,461.4499999999998,465.2833333333333,448.35
8,State Bank of India,Financial Services,SBIN-EQ,3045,467426.0,591.25,595.2,588.85,589.95,573.3833333333332,577.25,581.1166666666667,584.9833333333333,587.4666666666667,591.3333333333334,593.8166666666667,597.6833333333334,600.1666666666667,602.6499999999999,605.1333333333334,576.15
9,Bharti Airtel Ltd.,Telecommunication,BHARTIARTL-EQ,10604,417577.0,926.0,932.0,918.6,925.65,892.2666666666664,898.8499999999999,905.4333333333333,912.0166666666667,918.8333333333333,925.4166666666666,932.2333333333332,938.8166666666666,945.6333333333332,952.4499999999998,959.2666666666664,954.2
10,Kotak Mahindra Bank Ltd.,Financial Services,KOTAKBANK-EQ,1922,344231.0,1762.2,1771.9,1729.0,1733.2,1620.1999999999998,1647.3999999999996,1674.6,1701.8,1717.5,1744.7,1760.4,1787.6000000000001,1803.3000000000002,1819.0000000000005,1834.6999999999998,1762.0
11,Bajaj Finance Ltd.,Financial Services,BAJFINANCE-EQ,317,340054.0,7804.75,7829.0,7718.05,7739.0,7450.116666666665,7517.0999999999985,7584.083333333333,7651.066666666667,7695.033333333333,7762.016666666666,7805.983333333333,7872.966666666666,7916.9333333333325,7960.899999999998,8004.866666666665,8051.65
12,Life Insurance Corporation of India,Financial Services,LICI-EQ,9480,337976.0,646.0,652.0,643.05,650.3,628.8499999999997,632.3999999999999,635.9499999999998,639.4999999999999,644.8999999999999,648.4499999999999,653.8499999999999,657.4,662.8,668.2,673.5999999999999,634.65
13,Larsen & Toubro Ltd.,Construction,LT-EQ,11483,304164.0,2989.0,3050.5,2978.25,3010.0,2827.916666666666,2865.5,2903.083333333333,2940.6666666666665,2975.333333333333,3012.9166666666665,3047.583333333333,3085.1666666666665,3119.833333333333,3154.5,3189.166666666666,3089.6
14,HCL Technologies Ltd.,Information Technology,HCLTECH-EQ,7229,294500.0,1261.1,1266.0,1238.55,1241.9,1169.8166666666675,1187.000000000001,1204.1833333333336,1221.3666666666668,1231.6333333333337,1248.8166666666668,1259.0833333333337,1276.2666666666669,1286.5333333333338,1296.800000000001,1307.0666666666675,1255.9
15,Asian Paints Ltd.,Consumer Durables,ASIANPAINT-EQ,236,264896.0,3281.8,3289.0,3155.0,3170.35,2818.133333333333,2902.3500000000004,2986.5666666666666,3070.7833333333333,3120.5666666666666,3204.7833333333333,3254.5666666666666,3338.7833333333333,3388.5666666666666,3438.3500000000004,3488.133333333333,3148.8
16,Axis Bank Ltd.,Financial Services,AXISBANK-EQ,5900,264120.0,1027.0,1037.95,1025.2,1030.9,998.8000000000002,1005.3999999999996,1012.0000000000002,1018.6000000000001,1024.7500000000002,1031.3500000000001,1037.5000000000002,1044.1000000000001,1050.2500000000002,1056.3999999999999,1062.5500000000002,994.05
17,Maruti Suzuki India Ltd.,Automobile and Auto Components,MARUTI-EQ,10999,250489.0,10650.5,10705.0,10532.05,10565.35,10115.250000000004,10219.45,10323.650000000001,10427.85,10496.600000000002,10600.800000000001,10669.550000000003,10773.750000000002,10842.500000000004,10911.250000000004,10980.000000000007,10727.55
18,Sun Pharmaceutical Industries Ltd.,Healthcare,SUNPHARMA-EQ,3351,235878.0,1142.95,1152.0,1128.85,1132.3,1071.7166666666658,1085.9999999999995,1100.2833333333328,1114.5666666666664,1123.433333333333,1137.7166666666665,1146.583333333333,1160.8666666666666,1169.7333333333331,1178.6,1187.4666666666662,1145.3
19,Titan Company Ltd.,Consumer Durables,TITAN-EQ,3506,223269.0,3217.5,3224.9,3141.75,3157.25,2940.6833333333325,2990.949999999999,3041.2166666666662,3091.483333333333,3124.3666666666663,3174.633333333333,3207.5166666666664,3257.7833333333333,3290.6666666666665,3323.5499999999993,3356.4333333333325,3283.75
20,Avenue Supermarts Ltd.,Consumer Services,DMART-EQ,19913,220311.0,3692.0,3692.0,3651.0,3671.05,3568.3999999999996,3589.0499999999993,3609.7,3630.35,3650.7,3671.35,3691.7,3712.35,3732.7,3753.0499999999993,3773.3999999999996,3935.85
21,UltraTech Cement Ltd.,Construction Materials,ULTRACEMCO-EQ,11532,220038.0,8264.8,8323.95,8134.0,8154.35,7654.5999999999985,7774.450000000001,7894.299999999999,8014.15,8084.25,8204.1,8274.2,8394.050000000001,8464.150000000001,8534.250000000004,8604.350000000002,8369.0
22,Nestle India Ltd.,Fast Moving Consumer Goods,NESTLEIND-EQ,17963,217000.0,22900.0,22907.95,22447.8,22538.45,21341.59999999999,21618.149999999994,21894.699999999993,22171.249999999996,22354.849999999995,22631.399999999998,22814.999999999996,23091.55,23275.149999999998,23458.75,23642.34999999999,23554.35
23,Bajaj Finserv Ltd.,Financial Services,BAJAJFINSV-EQ,16675,201730.0,1565.0,1574.95,1535.05,1539.7,1434.8499999999995,1459.8999999999996,1484.9499999999996,1509.9999999999998,1524.8499999999997,1549.8999999999999,1564.7499999999998,1589.8,1604.6499999999999,1619.5,1634.3499999999995,1646.55
24,Wipro Ltd.,Information Technology,WIPRO-EQ,3787,200446.0,416.5,416.5,404.0,405.35,372.46666666666647,380.3499999999999,388.23333333333323,396.1166666666666,400.73333333333323,408.6166666666666,413.23333333333323,421.1166666666666,425.73333333333323,430.3499999999999,434.96666666666647,411.05
25,Adani Enterprises Ltd.,Metals & Mining,ADANIENT-EQ,25,199551.0,2489.95,2511.0,2446.7,2475.25,2313.3,2346.6500000000005,2380.0,2413.35,2444.3,2477.65,2508.6000000000004,2541.9500000000003,2572.9000000000005,2603.8500000000013,2634.800000000001,2454.55
26,Oil & Natural Gas Corporation Ltd.,Oil Gas & Consumable Fuels,ONGC-EQ,2475,190025.0,188.9,189.5,186.5,187.45,179.76666666666677,181.45000000000005,183.13333333333338,184.8166666666667,186.13333333333338,187.8166666666667,189.13333333333338,190.8166666666667,192.13333333333338,193.45000000000005,194.76666666666677,184.9
27,NTPC Ltd.,Power,NTPC-EQ,11630,169788.0,239.6,241.2,235.65,237.05,222.7166666666668,225.95000000000016,229.18333333333342,232.4166666666667,234.7333333333334,237.9666666666667,240.2833333333334,243.51666666666668,245.83333333333337,248.15000000000003,250.4666666666667,242.05
28,JSW Steel Ltd.,Metals & Mining,JSWSTEEL-EQ,11723,166328.0,780.7,787.4,764.35,768.1,707.8833333333332,722.0,736.1166666666667,750.2333333333333,759.1666666666666,773.2833333333333,782.2166666666666,796.3333333333333,805.2666666666665,814.1999999999998,823.1333333333332,777.25
29,Power Grid Corporation of India Ltd.,Power,POWERGRID-EQ,14977,157435.0,200.1,204.45,197.8,200.75,184.0,187.4500000000001,190.90000000000003,194.35000000000002,197.55,201.0,204.2,207.64999999999998,210.84999999999997,214.0499999999999,217.25,201.8
30,Mahindra & Mahindra Ltd.,Automobile and Auto Components,M&M-EQ,2031,144087.0,1595.95,1596.9,1544.0,1556.05,1418.999999999999,1450.249999999999,1481.4999999999995,1512.7499999999998,1534.3999999999996,1565.6499999999999,1587.2999999999997,1618.55,1640.1999999999998,1661.85,1683.499999999999,1562.45
31,LTIMindtree Ltd.,Information Technology,LTIM-EQ,17818,140799.0,5462.0,5462.0,5218.1,5264.9,4630.0999999999985,4777.1,4924.1,5071.1,5168.0,5315.0,5411.9,5558.9,5655.799999999999,5752.699999999999,5849.5999999999985,5095.15
32,Tata Motors Ltd.,Automobile and Auto Components,TATAMOTORS-EQ,3456,139762.0,622.9,623.8,612.25,614.1,583.916666666667,591.0000000000002,598.0833333333335,605.1666666666667,609.6333333333334,616.7166666666667,621.1833333333334,628.2666666666667,632.7333333333333,637.2,641.6666666666667,667.1
33,Adani Green Energy Ltd.,Power,ADANIGREEN-EQ,3563,139577.0,1020.0,1021.25,1001.0,1012.45,962.2666666666664,971.9499999999998,981.6333333333332,991.3166666666666,1001.8833333333332,1011.5666666666666,1022.1333333333332,1031.8166666666666,1042.3833333333332,1052.9499999999998,1063.5166666666664,948.9
34,Adani Ports and Special Economic Zone Ltd.,Services,ADANIPORTS-EQ,15083,136499.0,833.25,841.35,819.15,823.1,765.2166666666667,778.6999999999998,792.1833333333333,805.6666666666666,814.3833333333333,827.8666666666667,836.5833333333334,850.0666666666667,858.7833333333334,867.5,876.2166666666667,813.75
35,Coal India Ltd.,Oil Gas & Consumable Fuels,COALINDIA-EQ,20374,131666.0,291.55,294.15,289.0,290.2,276.86666666666656,279.9,282.9333333333333,285.96666666666664,288.08333333333326,291.1166666666666,293.23333333333323,296.2666666666666,298.3833333333332,300.4999999999999,302.61666666666645,307.95
36,Tata Steel Ltd.,Metals & Mining,TATASTEEL-EQ,3499,127715.0,128.35,129.3,126.3,126.8,118.9666666666667,120.80000000000001,122.63333333333335,124.46666666666667,125.63333333333335,127.46666666666668,128.63333333333338,130.4666666666667,131.63333333333338,132.80000000000007,133.96666666666675,125.05
37,Hindustan Zinc Ltd.,Metals & Mining,HINDZINC-EQ,1424,123949.0,311.0,311.4,294.0,297.95,252.86666666666656,263.15,273.4333333333333,283.71666666666664,290.83333333333326,301.1166666666666,308.23333333333323,318.5166666666666,325.6333333333332,332.7499999999999,339.86666666666645,318.6
38,Pidilite Industries Ltd.,Chemicals,PIDILITIND-EQ,2664,119606.0,2499.5,2503.95,2414.05,2421.35,2184.050000000002,2241.550000000001,2299.050000000001,2356.5500000000006,2388.9500000000007,2446.4500000000003,2478.8500000000004,2536.35,2568.75,2601.1499999999996,2633.55,2460.05
39,Siemens Ltd.,Capital Goods,SIEMENS-EQ,3150,118486.0,3740.95,3740.95,3615.0,3626.55,3294.5333333333347,3374.6500000000015,3454.7666666666673,3534.8833333333337,3580.716666666667,3660.8333333333335,3706.666666666667,3786.7833333333333,3832.616666666667,3878.45,3924.2833333333347,3592.2
40,SBI Life Insurance Company Ltd.,Financial Services,SBILIFE-EQ,21808,110206.0,1301.0,1308.5,1284.5,1289.4,1227.0333333333338,1241.4000000000005,1255.7666666666669,1270.1333333333334,1279.7666666666669,1294.1333333333334,1303.7666666666669,1318.1333333333334,1327.7666666666669,1337.4000000000005,1347.0333333333338,1316.45
41,Indian Oil Corporation Ltd.,Oil Gas & Consumable Fuels,IOC-EQ,1624,110004.0,90.8,91.4,89.5,89.8,84.83333333333331,85.99999999999994,87.16666666666666,88.33333333333333,89.06666666666666,90.23333333333333,90.96666666666667,92.13333333333334,92.86666666666667,93.6,94.33333333333331,90.85
42,Bajaj Auto Ltd.,Automobile and Auto Components,BAJAJ-AUTO-EQ,16669,109921.0,5047.8,5128.85,4980.15,5006.6,4618.883333333333,4709.200000000001,4799.516666666666,4889.833333333333,4948.216666666667,5038.533333333334,5096.916666666668,5187.2333333333345,5245.616666666669,5304.000000000004,5362.383333333337,5052.4
43,Grasim Industries Ltd.,Construction Materials,GRASIM-EQ,1232,107502.0,1930.0,1937.95,1896.6,1906.5,1799.5333333333328,1823.7999999999997,1848.0666666666666,1872.3333333333333,1889.4166666666667,1913.6833333333334,1930.7666666666669,1955.0333333333335,1972.116666666667,1989.2000000000007,2006.2833333333338,1982.6
44,Tech Mahindra Ltd.,Information Technology,TECHM-EQ,13538,107336.0,1274.05,1274.05,1222.0,1229.5,1093.2000000000007,1125.4000000000005,1157.6000000000004,1189.8000000000002,1209.6500000000003,1241.8500000000001,1261.7000000000003,1293.9,1313.7500000000002,1333.6000000000004,1353.4500000000007,1194.1
45,HDFC Life Insurance Company Ltd.,Financial Services,HDFCLIFE-EQ,467,107296.0,645.2,650.65,633.35,634.7,589.0166666666669,600.1000000000004,611.1833333333335,622.2666666666668,628.4833333333335,639.5666666666667,645.7833333333334,656.8666666666667,663.0833333333334,669.3000000000002,675.5166666666669,625.25
46,Britannia Industries Ltd.,Fast Moving Consumer Goods,BRITANNIA-EQ,547,104106.0,4627.35,4634.3,4505.05,4524.55,4186.383333333335,4266.049999999999,4345.716666666668,4425.383333333334,4474.966666666668,4554.633333333334,4604.216666666668,4683.883333333334,4733.466666666668,4783.049999999999,4832.633333333335,4574.7
47,Vedanta Ltd.,Metals & Mining,VEDL-EQ,3063,102018.0,209.0,213.15,208.0,208.35,194.73333333333335,198.04999999999995,201.36666666666667,204.68333333333334,206.51666666666668,209.83333333333334,211.66666666666669,214.98333333333335,216.8166666666667,218.64999999999998,220.48333333333335,226.2
48,Godrej Consumer Products Ltd.,Fast Moving Consumer Goods,GODREJCP-EQ,10099,99012.0,999.8,1011.0,987.9,994.15,934.6333333333337,947.9500000000003,961.2666666666669,974.5833333333334,984.3666666666668,997.6833333333334,1007.4666666666668,1020.7833333333334,1030.5666666666668,1040.3500000000004,1050.1333333333337,982.95
49,Dabur India Ltd.,Fast Moving Consumer Goods,DABUR-EQ,772,96543.0,561.0,561.85,545.55,547.25,504.35000000000014,514.6499999999999,524.95,535.25,541.2500000000001,551.5500000000001,557.5500000000002,567.8500000000001,573.8500000000003,579.8500000000004,585.8500000000004,538.85
50,Adani Total Gas Ltd.,Oil Gas & Consumable Fuels,ATGL-EQ,6066,95436.0,629.8,631.45,621.2,622.15,595.1333333333334,601.6500000000001,608.1666666666667,614.6833333333334,618.4166666666667,624.9333333333334,628.6666666666667,635.1833333333334,638.9166666666667,642.6500000000001,646.3833333333334,601.65
51,Shree Cement Ltd.,Construction Materials,SHREECEM-EQ,3103,94484.0,26506.0,26543.0,25551.25,25631.7,23013.84999999999,23648.199999999997,24282.549999999996,24916.899999999998,25274.299999999996,25908.649999999998,26266.049999999996,26900.399999999998,27257.799999999996,27615.199999999997,27972.59999999999,26851.15
52,Adani Energy Solutions Ltd.,Power,ADANIENSOL-EQ,10217,93695.0,817.0,839.65,816.4,830.5,773.2000000000003,784.0000000000005,794.8000000000001,805.6,818.0500000000001,828.85,841.3000000000001,852.1,864.5500000000001,877.0000000000005,889.4500000000003,785.2
53,Hindustan Aeronautics Ltd.,Capital Goods,HAL-EQ,2303,91324.0,1934.8,1941.6,1885.0,1889.15,1739.6000000000004,1775.9500000000007,1812.3000000000002,1848.65,1868.9,1905.25,1925.5,1961.85,1982.1,2002.35,2022.6000000000004,1975.1
54,Hindalco Industries Ltd.,Metals & Mining,HINDALCO-EQ,1363,91090.0,476.0,479.6,464.45,466.85,427.25,436.54999999999995,445.84999999999997,455.15,461.0,470.3,476.15000000000003,485.45000000000005,491.30000000000007,497.1500000000002,503.0000000000002,480.6
55,Varun Beverages Ltd.,Fast Moving Consumer Goods,VBL-EQ,18921,90093.0,972.8,974.75,942.35,945.9,860.6833333333334,881.0999999999999,901.5166666666668,921.9333333333334,933.9166666666667,954.3333333333334,966.3166666666667,986.7333333333333,998.7166666666667,1010.6999999999998,1022.6833333333334,929.5
56,DLF Ltd.,Realty,DLF-EQ,14732,88294.0,529.15,529.8,517.35,520.1,487.8166666666666,495.2000000000003,502.58333333333337,509.9666666666667,515.0333333333333,522.4166666666666,527.4833333333332,534.8666666666666,539.9333333333332,544.9999999999998,550.0666666666664,568.4
57,Bank of Baroda,Financial Services,BANKBARODA-EQ,4668,87318.0,214.85,216.5,209.75,210.65,192.94999999999993,197.14999999999998,201.34999999999997,205.54999999999998,208.09999999999997,212.29999999999998,214.84999999999997,219.04999999999998,221.59999999999997,224.14999999999998,226.69999999999993,203.5
58,IndusInd Bank Ltd.,Financial Services,INDUSINDBK-EQ,5258,82857.0,1437.0,1445.35,1409.45,1413.0,1318.4500000000007,1341.2000000000007,1363.9500000000005,1386.7000000000003,1399.8500000000004,1422.6000000000001,1435.7500000000002,1458.5,1471.65,1484.7999999999997,1497.9499999999998,1463.7
59,Eicher Motors Ltd.,Automobile and Auto Components,EICHERMOT-EQ,910,80645.0,3480.0,3500.0,3425.0,3440.25,3245.333333333334,3290.25,3335.166666666667,3380.0833333333335,3410.166666666667,3455.0833333333335,3485.166666666667,3530.0833333333335,3560.166666666667,3590.25,3620.333333333334,3476.4
60,Dr. Reddy's Laboratories Ltd.,Healthcare,DRREDDY-EQ,881,76981.0,5507.45,5507.45,5411.0,5429.1,5177.933333333334,5236.200000000001,5294.466666666667,5352.733333333334,5390.916666666667,5449.183333333333,5487.366666666667,5545.633333333333,5583.816666666667,5622.0,5660.183333333334,5460.2
61,Divi's Laboratories Ltd.,Healthcare,DIVISLAB-EQ,10940,74951.0,3778.2,3799.95,3651.0,3665.0,3272.466666666669,3367.100000000002,3461.7333333333345,3556.3666666666672,3610.6833333333343,3705.316666666667,3759.633333333334,3854.266666666667,3908.583333333334,3962.9000000000005,4017.216666666669,0.0
62,Bharat Petroleum Corporation Ltd.,Oil Gas & Consumable Fuels,BPCL-EQ,526,74687.0,347.05,350.0,342.0,343.95,323.26666666666665,327.95000000000005,332.6333333333333,337.31666666666666,340.6333333333333,345.31666666666666,348.6333333333333,353.31666666666666,356.6333333333333,359.95000000000005,363.26666666666665,0.0
63,Havells India Ltd.,Consumer Durables,HAVELLS-EQ,9819,74460.0,1410.8,1416.6,1368.05,1375.15,1248.0499999999993,1278.0500000000002,1308.0499999999995,1338.0499999999997,1356.5999999999995,1386.5999999999997,1405.1499999999994,1435.1499999999996,1453.6999999999994,1472.2499999999995,1490.7999999999988,0.0
64,Adani Power Ltd.,Power,ADANIPOWER-EQ,17388,73898.0,376.8,379.85,372.45,375.4,356.64999999999964,360.5999999999997,364.5499999999998,368.4999999999999,371.9499999999998,375.8999999999999,379.34999999999985,383.29999999999995,386.7499999999999,390.19999999999993,393.64999999999986,0.0
65,InterGlobe Aviation Ltd.,Services,INDIGO-EQ,11195,73664.0,2373.05,2394.45,2333.35,2342.35,2182.416666666668,2220.1499999999996,2257.8833333333337,2295.616666666667,2318.9833333333336,2356.7166666666667,2380.0833333333335,2417.8166666666666,2441.1833333333334,2464.55,2487.916666666667,0.0
66,Cipla Ltd.,Healthcare,CIPLA-EQ,694,72683.0,1180.5,1185.0,1158.9,1164.05,1096.1666666666665,1111.85,1127.5333333333333,1143.2166666666667,1153.6333333333332,1169.3166666666666,1179.7333333333331,1195.4166666666665,1205.833333333333,1216.2499999999995,1226.666666666666,0.0
67,Ambuja Cements Ltd.,Construction Materials,AMBUJACEM-EQ,1270,72585.0,431.0,431.5,418.65,419.9,386.04999999999995,394.19999999999993,402.3499999999999,410.49999999999994,415.19999999999993,423.34999999999997,428.04999999999995,436.2,440.9,445.60000000000014,450.29999999999995,0.0
68,SRF Ltd.,Chemicals,SRF-EQ,3273,71493.0,2270.0,2270.0,2224.25,2232.3,2112.9833333333336,2140.8,2168.616666666667,2196.4333333333334,2214.366666666667,2242.1833333333334,2260.116666666667,2287.9333333333334,2305.866666666667,2323.8,2341.7333333333336,0.0
69,ABB India Ltd.,Capital Goods,ABB-EQ,13,71310.0,4250.0,4250.0,4087.7,4101.7,3673.5666666666693,3777.100000000002,3880.633333333334,3984.166666666667,4042.9333333333343,4146.466666666667,4205.2333333333345,4308.766666666667,4367.533333333335,4426.300000000003,4485.066666666669,0.0
70,Bharat Electronics Ltd.,Capital Goods,BEL-EQ,383,71306.0,136.9,138.0,134.6,135.05,126.13333333333344,128.2500000000001,130.3666666666667,132.48333333333335,133.7666666666667,135.88333333333335,137.1666666666667,139.28333333333336,140.56666666666672,141.85000000000014,143.13333333333344,0.0
71,Mankind Pharma Ltd.,Healthcare,MANKIND-EQ,15380,70153.0,1750.0,1767.3,1745.05,1764.45,1711.583333333334,1719.9500000000007,1728.3166666666668,1736.6833333333334,1750.5666666666668,1758.9333333333334,1772.8166666666668,1781.1833333333334,1795.0666666666668,1808.9500000000007,1822.833333333334,0.0
72,SBI Cards and Payment Services Ltd.,Financial Services,SBICARD-EQ,17971,70028.0,793.05,795.35,780.1,782.3,742.3666666666663,751.7999999999997,761.2333333333332,770.6666666666666,776.4833333333332,785.9166666666666,791.7333333333332,801.1666666666666,806.9833333333332,812.7999999999997,818.6166666666663,0.0
73,GAIL (India) Ltd.,Oil Gas & Consumable Fuels,GAIL-EQ,4717,69137.0,121.95,122.7,121.0,121.45,117.0666666666666,118.04999999999995,119.0333333333333,120.01666666666665,120.7333333333333,121.71666666666665,122.43333333333331,123.41666666666666,124.13333333333331,124.84999999999997,125.5666666666666,0.0
74,Bajaj Holdings & Investment Ltd.,Financial Services,BAJAJHLDNG-EQ,305,65886.0,7276.0,7339.95,7020.0,7058.65,6218.333333333332,6418.75,6619.166666666666,6819.583333333333,6939.116666666666,7139.533333333333,7259.066666666666,7459.483333333333,7579.0166666666655,7698.549999999999,7818.083333333332,0.0
75,Tata Consumer Products Ltd.,Fast Moving Consumer Goods,TATACONSUM-EQ,3432,65852.0,894.8,896.0,870.1,876.5,809.5666666666666,824.6999999999998,839.8333333333334,854.9666666666667,865.7333333333333,880.8666666666667,891.6333333333333,906.7666666666667,917.5333333333333,928.2999999999997,939.0666666666666,0.0
76,ICICI Prudential Life Insurance Company Ltd.,Financial Services,ICICIPRULI-EQ,18652,62678.0,579.75,581.5,563.3,566.1,518.5000000000002,529.7,540.9000000000001,552.1,559.1000000000001,570.3000000000001,577.3000000000002,588.5000000000001,595.5000000000002,602.5000000000002,609.5000000000005,0.0
77,Cholamandalam Investment and Finance Company Ltd.,Financial Services,CHOLAFIN-EQ,685,62581.0,1201.0,1249.45,1200.0,1219.8,1094.5333333333328,1120.8999999999996,1147.2666666666664,1173.6333333333332,1196.7166666666665,1223.0833333333333,1246.1666666666665,1272.5333333333333,1295.6166666666666,1318.6999999999998,1341.7833333333328,0.0
78,Marico Ltd.,Fast Moving Consumer Goods,MARICO-EQ,4067,62040.0,584.4,586.75,558.25,559.8,484.3166666666666,502.79999999999995,521.2833333333333,539.7666666666667,549.7833333333333,568.2666666666667,578.2833333333333,596.7666666666667,606.7833333333333,616.8,626.8166666666666,0.0
79,Apollo Hospitals Enterprise Ltd.,Healthcare,APOLLOHOSP-EQ,157,61984.0,5105.35,5145.5,4995.0,5020.1,4627.133333333335,4719.100000000002,4811.0666666666675,4903.033333333334,4961.5666666666675,5053.533333333334,5112.0666666666675,5204.033333333334,5262.5666666666675,5321.100000000002,5379.633333333335,0.0
80,Tata Power Co. Ltd.,Power,TATAPOWER-EQ,3426,60791.0,262.0,264.25,257.3,258.05,239.76666666666642,244.14999999999986,248.53333333333325,252.91666666666663,255.48333333333323,259.8666666666666,262.4333333333332,266.8166666666666,269.3833333333332,271.9499999999998,274.5166666666664,0.0
81,Bosch Ltd.,Automobile and Auto Components,BOSCHLTD-EQ,2181,57128.0,19199.95,19700.0,18840.0,19319.75,17186.33333333333,17599.75,18013.166666666664,18426.583333333332,18873.166666666664,19286.583333333332,19733.166666666664,20146.583333333332,20593.166666666664,21039.75,21486.33333333333,0.0
82,Berger Paints India Ltd.,Consumer Durables,BERGEPAINT-EQ,404,56507.0,600.0,603.15,566.25,569.55,472.25,495.75,519.25,542.75,556.15,579.65,593.05,616.55,629.9499999999999,643.3499999999999,656.75,0.0
83,Jindal Steel & Power Ltd.,Metals & Mining,JINDALSTEL-EQ,6733,55717.0,690.75,697.0,680.0,681.85,637.1333333333332,647.8499999999999,658.5666666666666,669.2833333333333,675.5666666666666,686.2833333333333,692.5666666666666,703.2833333333333,709.5666666666666,715.8499999999999,722.1333333333332,0.0
84,United Spirits Ltd.,Fast Moving Consumer Goods,MCDOWELL-N-EQ,10447,55009.0,1011.2,1018.9,998.75,1002.05,949.4166666666665,961.75,974.0833333333333,986.4166666666666,994.2333333333332,1006.5666666666666,1014.3833333333332,1026.7166666666667,1034.5333333333333,1042.35,1050.1666666666665,0.0
85,UPL Ltd.,Chemicals,UPL-EQ,11287,53867.0,615.1,618.9,602.55,605.0,562.2166666666665,572.3,582.3833333333332,592.4666666666666,598.7333333333332,608.8166666666666,615.0833333333333,625.1666666666666,631.4333333333333,637.6999999999998,643.9666666666667,0.0
86,Adani Wilmar Ltd.,Fast Moving Consumer Goods,AWL-EQ,8110,52747.0,342.0,344.15,338.0,338.8,322.66666666666674,326.5000000000002,330.33333333333337,334.1666666666667,336.48333333333335,340.31666666666666,342.6333333333333,346.46666666666664,348.7833333333333,351.1,353.41666666666663,0.0
87,ICICI Lombard General Insurance Company Ltd.,Financial Services,ICICIGI-EQ,21770,52525.0,1280.0,1290.75,1266.0,1274.25,1211.0,1224.75,1238.5,1252.25,1263.25,1277.0,1288.0,1301.75,1312.75,1323.75,1334.75,0.0
88,Torrent Pharmaceuticals Ltd.,Healthcare,TORNTPHARM-EQ,3518,52024.0,1849.7,1879.0,1848.4,1863.6,1787.0666666666666,1802.4,1817.7333333333336,1833.0666666666668,1848.3333333333335,1863.6666666666667,1878.9333333333334,1894.2666666666667,1909.5333333333333,1924.7999999999993,1940.0666666666666,0.0
89,Canara Bank,Financial Services,CANBK-EQ,10794,51602.0,375.95,383.35,373.35,374.55,348.2833333333331,354.54999999999984,360.8166666666666,367.0833333333333,370.8166666666666,377.0833333333333,380.8166666666666,387.0833333333333,390.8166666666666,394.54999999999984,398.2833333333331,0.0
90,Punjab National Bank,Financial Services,PNB-EQ,10666,51311.0,81.65,82.65,79.2,79.65,70.60000000000002,72.75000000000006,74.90000000000002,77.05000000000001,78.35000000000002,80.50000000000001,81.80000000000003,83.95000000000002,85.25000000000003,86.55000000000004,87.85000000000005,0.0
91,TVS Motor Company Ltd.,Automobile and Auto Components,TVSMOTOR-EQ,8479,51176.0,1529.9,1546.6,1512.55,1523.9,1436.8833333333332,1455.8000000000002,1474.7166666666665,1493.6333333333332,1508.7666666666664,1527.6833333333332,1542.8166666666664,1561.7333333333331,1576.8666666666663,1591.9999999999995,1607.1333333333323,0.0
92,Zydus Lifesciences Ltd.,Healthcare,ZYDUSLIFE-EQ,7929,49754.0,609.95,609.95,599.1,602.75,575.0333333333333,581.0500000000002,587.0666666666667,593.0833333333334,597.9166666666667,603.9333333333334,608.7666666666668,614.7833333333334,619.6166666666668,624.45,629.2833333333335,0.0
93,Tube Investments of India Ltd.,Automobile and Auto Components,TIINDIA-EQ,312,49179.0,3108.0,3157.5,3056.35,3103.8,2849.883333333335,2901.500000000002,2953.1166666666672,3004.7333333333336,3054.2666666666673,3105.8833333333337,3155.4166666666674,3207.0333333333338,3256.5666666666675,3306.100000000002,3355.633333333335,0.0
94,Trent Ltd.,Consumer Services,TRENT-EQ,1964,48877.0,2122.1,2132.0,2045.8,2064.55,1840.9333333333334,1892.1500000000005,1943.3666666666668,1994.5833333333333,2029.5666666666666,2080.7833333333333,2115.7666666666664,2166.9833333333336,2201.9666666666667,2236.9500000000007,2271.9333333333334,0.0
95,IDBI Bank Ltd.,Financial Services,IDBI-EQ,1476,48385.0,71.9,72.65,69.7,70.05,62.30000000000001,64.15000000000003,66.00000000000001,67.85000000000001,68.95000000000002,70.80000000000001,71.90000000000002,73.75000000000001,74.85000000000002,75.95000000000002,77.05000000000004,0.0
96,Info Edge (India) Ltd.,Consumer Services,NAUKRI-EQ,13751,48102.0,4260.0,4272.95,4157.05,4177.0,3874.583333333332,3945.2000000000007,4015.8166666666666,4086.4333333333334,4131.716666666666,4202.333333333333,4247.616666666666,4318.233333333333,4363.5166666666655,4408.799999999999,4454.083333333332,0.0
97,Abbott India Ltd.,Healthcare,ABBOTINDIA-EQ,17903,47930.0,22843.0,22843.0,22000.0,22370.65,20246.199999999997,20684.649999999994,21123.1,21561.55,21966.1,22404.55,22809.1,23247.55,23652.1,24056.649999999994,24461.199999999997,0.0
98,Shriram Finance Ltd.,Financial Services,SHRIRAMFIN-EQ,4306,47155.0,1909.3,1912.4,1856.35,1871.45,1727.0166666666664,1759.349999999999,1791.683333333333,1824.0166666666664,1847.7333333333331,1880.0666666666666,1903.7833333333333,1936.1166666666668,1959.8333333333335,1983.5500000000006,2007.2666666666664,0.0
99,Hero MotoCorp Ltd.,Automobile and Auto Components,HEROMOTOCO-EQ,1348,46909.0,3006.5,3018.2,2960.05,2970.0,2818.25,2853.7000000000016,2889.1500000000005,2924.6000000000004,2947.3,2982.75,3005.45,3040.8999999999996,3063.5999999999995,3086.2999999999984,3109.0,0.0
100,Indian Hotels Co. Ltd.,Consumer Services,INDHOTEL-EQ,1512,46070.0,412.95,414.7,404.0,405.15,377.0,383.75,390.5,397.25,401.2,407.95,411.9,418.65,422.59999999999997,426.54999999999995,430.5,0.0
101,PI Industries Ltd.,Chemicals,PIIND-EQ,24184,45973.0,3462.0,3467.8,3376.0,3395.15,3156.7333333333336,3211.5499999999993,3266.366666666667,3321.1833333333334,3358.166666666667,3412.9833333333336,3449.966666666667,3504.7833333333338,3541.7666666666673,3578.750000000001,3615.7333333333336,0.0
102,Indian Railway Catering And Tourism Corporation Ltd.,Consumer Services,IRCTC-EQ,13611,45824.0,683.7,688.4,670.0,672.1,623.7333333333336,635.3000000000002,646.8666666666668,658.4333333333334,665.2666666666668,676.8333333333334,683.6666666666667,695.2333333333333,702.0666666666667,708.9000000000001,715.7333333333336,0.0
103,CG Power and Industrial Solutions Ltd.,Capital Goods,CGPOWER-EQ,760,45821.0,438.05,448.6,433.05,436.5,396.1833333333334,405.39999999999986,414.61666666666673,423.83333333333337,430.16666666666674,439.3833333333334,445.71666666666675,454.9333333333334,461.26666666666677,467.6,473.9333333333336,0.0
104,Union Bank of India,Financial Services,UNIONBANK-EQ,10753,45485.0,102.8,104.95,101.5,102.5,93.63333333333333,95.59999999999997,97.56666666666666,99.53333333333333,101.01666666666667,102.98333333333333,104.46666666666667,106.43333333333334,107.91666666666667,109.39999999999998,110.88333333333333,0.0
105,Samvardhana Motherson International Ltd.,Automobile and Auto Components,MOTHERSON-EQ,4204,45469.0,97.2,97.8,95.05,95.5,88.31666666666672,90.00000000000006,91.68333333333335,93.36666666666667,94.43333333333335,96.11666666666667,97.18333333333335,98.86666666666667,99.93333333333335,101.00000000000006,102.06666666666672,0.0
106,Cummins India Ltd.,Capital Goods,CUMMINSIND-EQ,1901,45172.0,1716.15,1730.0,1656.3,1668.55,1476.1000000000004,1521.1500000000005,1566.2,1611.25,1639.9,1684.95,1713.6000000000001,1758.65,1787.3000000000002,1815.9500000000007,1844.6000000000004,0.0
107,Schaeffler India Ltd.,Automobile and Auto Components,SCHAEFFLER-EQ,1011,44820.0,3278.7,3314.0,3211.0,3269.95,3014.9333333333343,3063.9500000000007,3112.966666666667,3161.9833333333336,3215.966666666667,3264.9833333333336,3318.966666666667,3367.9833333333336,3421.966666666667,3475.9500000000007,3529.9333333333343,0.0
108,Macrotech Developers Ltd.,Realty,LODHA-EQ,3220,44820.0,797.9,805.0,786.6,795.5,749.3999999999996,758.6999999999998,767.9999999999999,777.3,786.3999999999999,795.6999999999999,804.7999999999998,814.0999999999999,823.1999999999998,832.2999999999997,841.3999999999996,0.0
109,Zomato Ltd.,Consumer Services,ZOMATO-EQ,5097,43622.0,100.35,100.6,99.3,99.95,96.69999999999999,97.35000000000002,97.99999999999999,98.64999999999999,99.29999999999998,99.94999999999999,100.59999999999998,101.24999999999999,101.89999999999998,102.54999999999998,103.19999999999993,0.0
110,Procter & Gamble Hygiene & Health Care Ltd.,Fast Moving Consumer Goods,PGHH-EQ,2535,43301.0,18307.05,18597.95,17411.0,17717.7,14654.733333333323,15343.799999999988,16032.866666666661,16721.93333333333,17219.816666666662,17908.88333333333,18406.766666666663,19095.833333333332,19593.716666666664,20091.59999999999,20589.483333333323,0.0
111,Yes Bank Ltd.,Financial Services,YESBANK-EQ,11915,43275.0,17.4,17.7,17.2,17.25,15.933333333333337,16.250000000000007,16.566666666666666,16.883333333333333,17.066666666666666,17.383333333333333,17.566666666666666,17.883333333333333,18.066666666666666,18.250000000000007,18.433333333333337,0.0
112,Polycab India Ltd.,Capital Goods,POLYCAB-EQ,9590,43130.0,5360.55,5398.0,5259.05,5286.5,4925.116666666665,5008.5999999999985,5092.083333333333,5175.566666666667,5231.033333333333,5314.516666666666,5369.983333333333,5453.466666666666,5508.9333333333325,5564.399999999998,5619.866666666665,0.0
113,Max Healthcare Institute Ltd.,Healthcare,MAXHEALTH-EQ,22377,42824.0,578.75,581.0,563.2,569.6,524.2666666666671,534.0000000000002,543.7333333333336,553.4666666666668,561.5333333333335,571.2666666666668,579.3333333333335,589.0666666666667,597.1333333333334,605.2,613.2666666666669,0.0
114,Indian Overseas Bank,Financial Services,IOB-EQ,9348,42435.0,45.35,48.6,45.2,46.35,37.666666666666686,39.55,41.43333333333334,43.31666666666667,44.833333333333336,46.71666666666667,48.233333333333334,50.11666666666667,51.63333333333333,53.14999999999998,54.66666666666666,0.0
115,Page Industries Ltd.,Textiles,PAGEIND-EQ,14413,42276.0,38690.15,39185.0,38329.0,38771.85,36636.80000000002,37059.850000000006,37482.90000000001,37905.950000000004,38338.90000000001,38761.950000000004,39194.90000000001,39617.950000000004,40050.90000000001,40483.850000000006,40916.80000000002,0.0
116,Colgate Palmolive (India) Ltd.,Fast Moving Consumer Goods,COLPAL-EQ,15141,40997.0,2052.0,2067.75,1968.1,1979.2,1717.166666666667,1779.9000000000005,1842.6333333333332,1905.3666666666666,1942.2833333333333,2005.0166666666667,2041.9333333333334,2104.666666666667,2141.5833333333335,2178.500000000001,2215.416666666667,0.0
117,Ashok Leyland Ltd.,Capital Goods,ASHOKLEY-EQ,212,40870.0,179.45,180.0,173.55,174.1,157.08333333333326,161.2,165.31666666666666,169.43333333333334,171.76666666666665,175.88333333333333,178.21666666666664,182.33333333333331,184.66666666666663,186.9999999999999,189.33333333333326,0.0
118,Alkem Laboratories Ltd.,Healthcare,ALKEM-EQ,11703,40605.0,3559.0,3562.9,3514.05,3524.8,3398.116666666667,3427.0999999999995,3456.083333333333,3485.0666666666666,3504.933333333333,3533.9166666666665,3553.783333333333,3582.7666666666664,3602.6333333333328,3622.499999999998,3642.366666666665,0.0
119,NHPC Ltd.,Power,NHPC-EQ,17400,40381.0,52.3,52.75,51.6,51.9,48.93333333333334,49.599999999999994,50.26666666666667,50.93333333333334,51.41666666666667,52.083333333333336,52.56666666666667,53.233333333333334,53.71666666666667,54.19999999999999,54.68333333333334,0.0
120,One 97 Communications Ltd.,Financial Services,PAYTM-EQ,6705,40359.0,853.2,858.0,847.2,854.4,827.9999999999995,832.8,837.5999999999999,842.4,848.3999999999999,853.1999999999999,859.1999999999998,863.9999999999999,869.9999999999998,875.9999999999995,881.9999999999995,0.0
121,Power Finance Corporation Ltd.,Financial Services,PFC-EQ,14299,40063.0,249.75,250.35,243.45,244.9,226.98333333333323,231.09999999999997,235.21666666666664,239.33333333333331,242.11666666666665,246.23333333333332,249.01666666666665,253.13333333333333,255.91666666666666,258.70000000000005,261.48333333333335,0.0
122,JSW Energy Ltd.,Power,JSWENERGY-EQ,17869,39612.0,434.0,436.0,413.65,416.5,357.85000000000014,371.80000000000007,385.75,399.7,408.1,422.05,430.45000000000005,444.40000000000003,452.80000000000007,461.2000000000003,469.60000000000014,0.0
123,Muthoot Finance Ltd.,Financial Services,MUTHOOTFIN-EQ,23650,39339.0,1264.95,1264.95,1206.35,1214.75,1061.2833333333333,1097.5499999999997,1133.8166666666666,1170.0833333333333,1192.4166666666667,1228.6833333333334,1251.0166666666669,1287.2833333333335,1309.616666666667,1331.9500000000007,1354.2833333333338,0.0
124,AU Small Finance Bank Ltd.,Financial Services,AUBANK-EQ,21238,38614.0,745.75,747.25,716.6,720.4,639.9333333333334,659.0999999999999,678.2666666666668,697.4333333333334,708.9166666666667,728.0833333333334,739.5666666666667,758.7333333333333,770.2166666666667,781.6999999999998,793.1833333333334,0.0
125,Indus Towers Ltd.,Telecommunication,INDUSTOWER-EQ,29135,38537.0,191.0,193.5,188.1,189.6,175.70000000000005,178.80000000000007,181.9,185.0,187.3,190.4,192.70000000000002,195.8,198.10000000000002,200.4000000000001,202.70000000000005,0.0
126,Balkrishna Industries Ltd.,Automobile and Auto Components,BALKRISIND-EQ,335,37724.0,2555.8,2570.9,2515.95,2544.7,2407.749999999999,2434.7999999999984,2461.8499999999995,2488.8999999999996,2516.7999999999997,2543.85,2571.75,2598.8,2626.7000000000003,2654.6000000000004,2682.5,0.0
127,United Breweries Ltd.,Fast Moving Consumer Goods,UBL-EQ,16713,37663.0,1575.05,1592.0,1535.1,1540.2,1390.166666666667,1426.4,1462.6333333333332,1498.8666666666666,1519.5333333333333,1555.7666666666667,1576.4333333333334,1612.6666666666667,1633.3333333333335,1654.000000000001,1674.666666666667,0.0
128,Aditya Birla Capital Ltd.,Financial Services,ABCAPITAL-EQ,21614,37128.0,180.5,180.55,175.2,175.95,161.9333333333334,165.24999999999994,168.56666666666666,171.88333333333333,173.91666666666669,177.23333333333335,179.2666666666667,182.58333333333337,184.61666666666673,186.65000000000015,188.6833333333334,0.0
129,Tata Elxsi Ltd.,Information Technology,TATAELXSI-EQ,3411,37111.0,7339.0,7339.0,7205.0,7228.0,6878.333333333332,6960.0,7041.666666666666,7123.333333333333,7175.666666666666,7257.333333333333,7309.666666666666,7391.333333333333,7443.666666666666,7496.0,7548.333333333332,0.0
130,Dalmia Bharat Ltd.,Construction Materials,DALBHARAT-EQ,8075,36900.0,2369.6,2400.0,2317.95,2339.95,2128.4833333333327,2175.8499999999995,2223.2166666666662,2270.583333333333,2305.2666666666664,2352.633333333333,2387.3166666666666,2434.6833333333334,2469.366666666667,2504.05,2538.7333333333336,0.0
131,HDFC Asset Management Company Ltd.,Financial Services,HDFCAMC-EQ,4244,36449.0,2670.2,2682.0,2562.65,2578.65,2265.7166666666653,2339.949999999999,2414.183333333333,2488.4166666666665,2533.533333333333,2607.7666666666664,2652.8833333333328,2727.1166666666663,2772.2333333333327,2817.3499999999985,2862.4666666666653,0.0
132,Indian Bank,Financial Services,INDIANB-EQ,14309,35937.0,431.8,444.0,404.3,413.9,311.2333333333331,334.4999999999998,357.7666666666666,381.0333333333333,397.4666666666666,420.7333333333333,437.1666666666666,460.4333333333333,476.86666666666656,493.2999999999997,509.7333333333331,0.0
133,Astral Ltd.,Capital Goods,ASTRAL-EQ,14418,35913.0,1928.0,1932.35,1890.0,1898.5,1788.4000000000005,1813.800000000001,1839.2000000000003,1864.6000000000001,1881.5500000000002,1906.95,1923.9,1949.3,1966.25,1983.2000000000003,2000.1500000000005,0.0
134,Bharat Forge Ltd.,Capital Goods,BHARATFORG-EQ,422,35871.0,1092.25,1096.85,1076.85,1083.65,1032.5833333333335,1043.65,1054.7166666666667,1065.7833333333333,1074.7166666666667,1085.7833333333333,1094.7166666666667,1105.7833333333333,1114.7166666666667,1123.65,1132.5833333333335,0.0
135,L&T Technology Services Ltd.,Information Technology,LTTS-EQ,18564,35678.0,4764.0,4769.85,4601.45,4621.8,4179.516666666663,4284.999999999996,4390.483333333331,4495.966666666665,4558.883333333331,4664.366666666666,4727.283333333332,4832.766666666666,4895.6833333333325,4958.6,5021.516666666665,0.0
136,MRF Ltd.,Automobile and Auto Components,MRF-EQ,2277,35645.0,110112.0,110277.5,108306.1,108726.4,103609.43333333329,104783.6,105957.76666666666,107131.93333333333,107929.16666666666,109103.33333333333,109900.56666666665,111074.73333333332,111871.96666666665,112669.19999999995,113466.43333333329,0.0
137,Tata Communications Ltd.,Telecommunication,TATACOMM-EQ,3721,35496.0,1878.45,1919.0,1876.7,1890.2,1781.8999999999996,1805.5999999999995,1829.3,1853.0,1871.6,1895.3,1913.8999999999999,1937.6,1956.1999999999998,1974.7999999999993,1993.3999999999996,0.0
138,FSN E-Commerce Ventures Ltd.,Consumer Services,NYKAA-EQ,6545,35431.0,149.8,158.0,147.0,153.15,125.86666666666667,131.14999999999998,136.43333333333334,141.71666666666667,147.43333333333334,152.71666666666667,158.43333333333334,163.71666666666667,169.43333333333334,175.14999999999998,180.86666666666667,0.0
139,Container Corporation of India Ltd.,Services,CONCOR-EQ,4749,35354.0,722.0,726.55,707.85,708.5,658.8500000000004,671.1000000000004,683.3500000000003,695.6000000000001,702.0500000000002,714.3000000000001,720.7500000000001,733.0,739.45,745.8999999999999,752.3499999999999,0.0
140,Persistent Systems Ltd.,Information Technology,PERSISTENT-EQ,18365,35228.0,5848.75,5869.5,5671.7,5736.95,5231.233333333337,5341.350000000002,5451.466666666668,5561.583333333334,5649.266666666668,5759.383333333334,5847.066666666668,5957.183333333334,6044.866666666669,6132.550000000003,6220.233333333337,0.0
141,Patanjali Foods Ltd.,Fast Moving Consumer Goods,PATANJALI-EQ,0,35084.0,,,,,,,,,,,,,,,,0.0
142,Indian Railway Finance Corporation Ltd.,Financial Services,IRFC-EQ,2029,34762.0,76.0,76.3,74.5,74.85,70.16666666666669,71.25000000000003,72.33333333333334,73.41666666666667,74.13333333333334,75.21666666666667,75.93333333333334,77.01666666666667,77.73333333333333,78.45000000000002,79.16666666666669,0.0
143,Linde India Ltd.,Chemicals,LINDEINDIA-EQ,1627,34368.0,6044.8,6084.5,5900.05,5966.7,5497.049999999999,5597.799999999999,5698.55,5799.3,5883.0,5983.75,6067.45,6168.2,6251.9,6335.5999999999985,6419.299999999999,0.0
144,IDFC First Bank Ltd.,Financial Services,IDFCFIRSTB-EQ,11184,34350.0,97.65,98.4,93.65,94.55,82.18333333333334,85.04999999999998,87.91666666666669,90.78333333333335,92.66666666666669,95.53333333333335,97.41666666666669,100.28333333333335,102.16666666666669,104.04999999999998,105.93333333333334,0.0
145,Petronet LNG Ltd.,Oil Gas & Consumable Fuels,PETRONET-EQ,11351,34327.0,238.5,240.9,234.2,235.35,217.86666666666667,221.95,226.03333333333336,230.11666666666667,232.73333333333338,236.8166666666667,239.4333333333334,243.5166666666667,246.1333333333334,248.7500000000001,251.3666666666668,0.0
146,Solar Industries India Ltd.,Chemicals,SOLARINDS-EQ,13332,34318.0,4718.35,4756.3,4660.1,4700.0,4456.766666666668,4507.6,4558.433333333334,4609.266666666667,4654.633333333334,4705.466666666667,4750.833333333334,4801.666666666667,4847.033333333334,4892.4000000000015,4937.766666666666,0.0
147,Steel Authority of India Ltd.,Metals & Mining,SAIL-EQ,2963,34159.0,93.0,93.95,91.25,91.8,84.7833333333333,86.39999999999998,88.01666666666665,89.63333333333333,90.71666666666665,92.33333333333333,93.41666666666666,95.03333333333333,96.11666666666666,97.19999999999999,98.2833333333333,0.0
148,MphasiS Ltd.,Information Technology,MPHASIS-EQ,4503,33831.0,2466.75,2479.25,2366.0,2385.8,2090.3999999999996,2159.2999999999993,2228.2,2297.1,2341.45,2410.35,2454.7,2523.6,2567.95,2612.2999999999993,2656.6499999999996,0.0
149,Hindustan Petroleum Corporation Ltd.,Oil Gas & Consumable Fuels,HINDPETRO-EQ,1406,33591.0,254.0,256.95,249.1,249.7,228.9666666666667,234.0000000000001,239.03333333333336,244.06666666666666,246.88333333333333,251.91666666666666,254.73333333333332,259.76666666666665,262.5833333333333,265.40000000000003,268.2166666666666,0.0
150,APL Apollo Tubes Ltd.,Capital Goods,APLAPOLLO-EQ,25780,33428.0,1635.0,1679.0,1607.6,1619.7,1433.333333333334,1476.9,1520.4666666666667,1564.0333333333333,1591.8666666666668,1635.4333333333334,1663.2666666666669,1706.8333333333335,1734.666666666667,1762.500000000001,1790.333333333334,0.0
151,Gujarat Fluorochemicals Ltd.,Chemicals,FLUOROCHEM-EQ,13750,33176.0,3056.1,3086.95,3014.9,3045.55,2863.633333333335,2901.4500000000025,2939.266666666668,2977.083333333334,3011.3166666666675,3049.1333333333337,3083.3666666666672,3121.1833333333334,3155.416666666667,3189.6500000000005,3223.883333333333,0.0
152,NMDC Ltd.,Metals & Mining,NMDC-EQ,15332,32690.0,142.95,144.35,141.5,141.9,134.4333333333334,136.20000000000005,137.9666666666667,139.73333333333335,140.8166666666667,142.58333333333334,143.66666666666669,145.43333333333334,146.51666666666668,147.60000000000002,148.6833333333334,0.0
153,Honeywell Automation India Ltd.,Capital Goods,HONAUT-EQ,3417,32170.0,40707.0,40707.0,38720.1,39141.2,33983.166666666686,35167.40000000002,36351.63333333334,37535.86666666667,38338.53333333334,39522.76666666667,40325.43333333334,41509.66666666667,42312.33333333334,43115.00000000003,43917.666666666686,0.0
154,Supreme Industries Ltd.,Capital Goods,SUPREMEIND-EQ,3363,31928.0,4167.8,4167.8,4062.1,4112.2,3847.033333333331,3900.7999999999975,3954.5666666666657,4008.3333333333326,4060.2666666666655,4114.033333333333,4165.966666666665,4219.733333333334,4271.666666666666,4323.599999999999,4375.533333333333,0.0
155,Gujarat Gas Ltd.,Oil Gas & Consumable Fuels,GUJGASLTD-EQ,10599,31638.0,421.8,423.6,414.0,414.95,389.6666666666665,395.7499999999998,401.83333333333326,407.91666666666663,411.4333333333333,417.51666666666665,421.0333333333333,427.1166666666667,430.6333333333333,434.15,437.6666666666665,0.0
156,Bandhan Bank Ltd.,Financial Services,BANDHANBNK-EQ,2263,31532.0,256.85,259.25,247.25,249.35,218.05000000000007,225.35000000000002,232.65000000000003,239.95000000000002,244.65000000000003,251.95000000000002,256.65000000000003,263.95000000000005,268.65000000000003,273.35,278.05000000000007,0.0
157,ACC Ltd.,Construction Materials,ACC-EQ,22,31307.0,2019.75,2031.5,1982.75,1996.35,1870.8833333333341,1898.8500000000004,1926.816666666667,1954.7833333333335,1975.566666666667,2003.5333333333335,2024.316666666667,2052.2833333333338,2073.066666666667,2093.8500000000004,2114.633333333334,0.0
158,Oberoi Realty Ltd.,Realty,OBEROIRLTY-EQ,20242,30637.0,1153.0,1158.0,1121.05,1129.9,1034.3166666666675,1056.000000000001,1077.6833333333336,1099.3666666666668,1114.6333333333337,1136.3166666666668,1151.5833333333337,1173.2666666666669,1188.5333333333338,1203.800000000001,1219.0666666666675,0.0
159,Bank of India,Financial Services,BANKINDIA-EQ,4745,30633.0,108.8,110.95,103.1,105.05,84.76666666666665,89.35,93.93333333333334,98.51666666666667,101.78333333333335,106.36666666666667,109.63333333333335,114.21666666666668,117.48333333333336,120.75000000000006,124.01666666666671,0.0
160,REC Ltd.,Financial Services,RECLTD-EQ,15355,30400.0,284.2,286.0,279.6,281.3,264.80000000000007,268.5000000000001,272.20000000000005,275.90000000000003,278.6,282.3,285.0,288.7,291.4,294.1,296.79999999999995,0.0
161,Aurobindo Pharma Ltd.,Healthcare,AUROPHARMA-EQ,275,30357.0,882.0,885.0,868.0,873.6,830.1333333333332,839.5999999999999,849.0666666666666,858.5333333333333,866.0666666666666,875.5333333333333,883.0666666666666,892.5333333333333,900.0666666666666,907.5999999999999,915.1333333333332,0.0
162,Star Health and Allied Insurance Company Ltd.,Financial Services,STARHEALTH-EQ,7083,30148.0,616.45,616.5,597.0,603.35,553.4666666666667,564.3499999999999,575.2333333333333,586.1166666666667,594.7333333333333,605.6166666666667,614.2333333333333,625.1166666666667,633.7333333333333,642.3499999999999,650.9666666666667,0.0
163,Indraprastha Gas Ltd.,Oil Gas & Consumable Fuels,IGL-EQ,11262,30009.0,454.85,455.65,448.15,449.8,430.35000000000014,434.80000000000007,439.25,443.7,446.75,451.2,454.25,458.7,461.75,464.80000000000007,467.85000000000014,0.0
164,Lupin Ltd.,Healthcare,LUPIN-EQ,10440,29500.0,1133.95,1140.0,1125.25,1133.05,1096.3166666666666,1103.5500000000002,1110.7833333333333,1118.0166666666667,1125.5333333333333,1132.7666666666667,1140.2833333333333,1147.5166666666667,1155.0333333333333,1162.5500000000002,1170.0666666666666,0.0
165,UCO Bank,Financial Services,UCOBANK-EQ,11223,29052.0,43.25,45.4,42.6,43.0,35.66666666666666,37.400000000000006,39.13333333333333,40.86666666666667,41.93333333333333,43.666666666666664,44.73333333333333,46.46666666666666,47.533333333333324,48.599999999999994,49.66666666666666,0.0
166,Jubilant Foodworks Ltd.,Consumer Services,JUBLFOOD-EQ,18096,29039.0,552.3,556.5,539.0,540.65,494.5333333333333,505.6500000000001,516.7666666666667,527.8833333333333,534.2666666666667,545.3833333333333,551.7666666666667,562.8833333333333,569.2666666666667,575.6500000000001,582.0333333333333,0.0
167,PB Fintech Ltd.,Financial Services,POLICYBZR-EQ,6656,28757.0,744.1,770.15,743.0,760.0,693.2666666666669,705.7000000000003,718.1333333333334,730.5666666666667,745.2833333333334,757.7166666666667,772.4333333333334,784.8666666666667,799.5833333333334,814.3000000000002,829.0166666666669,0.0
168,Godrej Properties Ltd.,Realty,GODREJPROP-EQ,17875,28665.0,1583.0,1585.0,1532.0,1537.1,1397.4666666666672,1431.1000000000004,1464.7333333333336,1498.3666666666668,1517.7333333333336,1551.3666666666668,1570.7333333333336,1604.3666666666668,1623.7333333333336,1643.1000000000004,1662.4666666666672,0.0
169,Mahindra & Mahindra Financial Services Ltd.,Financial Services,M&MFIN-EQ,13285,28621.0,298.5,302.25,290.5,291.9,261.0333333333333,268.4,275.76666666666665,283.1333333333333,287.51666666666665,294.8833333333333,299.26666666666665,306.6333333333333,311.01666666666665,315.4,319.7833333333333,0.0
170,Vodafone Idea Ltd.,Telecommunication,IDEA-EQ,14366,28234.0,11.95,12.1,11.5,11.65,10.100000000000001,10.450000000000003,10.8,11.15,11.4,11.75,12.0,12.35,12.6,12.850000000000001,13.100000000000001,0.0
171,Oracle Financial Services Software Ltd.,Information Technology,OFSS-EQ,10738,28197.0,4189.9,4198.9,4059.25,4067.3,3697.5833333333358,3788.000000000002,3878.416666666668,3968.833333333334,4018.0666666666675,4108.483333333334,4157.716666666667,4248.133333333333,4297.366666666667,4346.6,4395.833333333334,0.0
172,Federal Bank Ltd.,Financial Services,FEDERALBNK-EQ,1023,28010.0,150.9,151.4,145.25,146.0,129.8499999999999,133.69999999999993,137.54999999999995,141.39999999999998,143.69999999999996,147.54999999999998,149.84999999999997,153.7,155.99999999999997,158.29999999999995,160.5999999999999,0.0
173,Vedant Fashions Ltd.,Consumer Services,MANYAVAR-EQ,8167,27656.0,1301.6,1336.95,1295.05,1315.0,1209.916666666667,1231.1999999999998,1252.4833333333333,1273.7666666666667,1294.3833333333334,1315.6666666666667,1336.2833333333335,1357.5666666666668,1378.1833333333336,1398.8000000000002,1419.416666666667,0.0
174,UNO Minda Ltd.,Automobile and Auto Components,UNOMINDA-EQ,14154,27554.0,598.95,605.95,594.35,595.6,565.083333333333,572.4000000000001,579.7166666666666,587.0333333333333,591.3166666666666,598.6333333333333,602.9166666666666,610.2333333333333,614.5166666666667,618.8,623.0833333333333,0.0
175,AIA Engineering Ltd.,Capital Goods,AIAENG-EQ,13086,27382.0,3440.6,3538.0,3440.6,3501.25,3261.7333333333336,3306.4500000000007,3351.1666666666665,3395.883333333333,3448.5666666666666,3493.2833333333333,3545.9666666666667,3590.6833333333334,3643.366666666667,3696.050000000001,3748.7333333333336,0.0
176,Thermax Ltd.,Capital Goods,THERMAX-EQ,3475,27318.0,3040.0,3176.95,3000.0,3078.25,2632.466666666669,2724.350000000002,2816.2333333333345,2908.1166666666672,2993.1833333333343,3085.066666666667,3170.133333333334,3262.016666666667,3347.083333333334,3432.1500000000005,3517.216666666669,0.0
177,Oil India Ltd.,Oil Gas & Consumable Fuels,OIL-EQ,17438,27289.0,288.8,305.45,288.75,292.25,248.88333333333344,258.85000000000014,268.8166666666667,278.78333333333336,285.5166666666667,295.48333333333335,302.2166666666667,312.18333333333334,318.9166666666667,325.6500000000001,332.38333333333344,0.0
178,Voltas Ltd.,Consumer Durables,VOLTAS-EQ,3718,27074.0,870.7,882.5,858.75,860.85,798.2166666666667,813.3499999999999,828.4833333333333,843.6166666666667,852.2333333333333,867.3666666666667,875.9833333333333,891.1166666666667,899.7333333333333,908.3499999999999,916.9666666666667,0.0
179,3M India Ltd.,Diversified,3MINDIA-EQ,474,25868.0,31225.95,31399.65,30600.0,30864.75,28820.59999999999,29265.449999999983,29710.299999999996,30155.149999999998,30509.949999999997,30954.8,31309.6,31754.45,32109.25,32464.049999999996,32818.84999999999,0.0
180,Coromandel International Ltd.,Chemicals,COROMANDEL-EQ,739,25850.0,1128.0,1138.15,1118.7,1123.75,1073.5666666666666,1084.8500000000004,1096.1333333333334,1107.4166666666667,1115.5833333333335,1126.8666666666668,1135.0333333333335,1146.3166666666668,1154.4833333333336,1162.65,1170.816666666667,0.0
181,Sundaram Finance Ltd.,Financial Services,SUNDARMFIN-EQ,3339,25548.0,3183.05,3183.05,3035.6,3061.5,2676.9333333333325,2766.5999999999985,2856.266666666666,2945.933333333333,3003.7166666666662,3093.383333333333,3151.1666666666665,3240.8333333333335,3298.616666666667,3356.4000000000005,3414.1833333333343,0.0
182,KPIT Technologies Ltd.,Information Technology,KPITTECH-EQ,9683,25361.0,1135.25,1156.6,1126.0,1142.4,1066.2666666666673,1081.2000000000003,1096.1333333333337,1111.0666666666668,1126.7333333333336,1141.6666666666667,1157.3333333333335,1172.2666666666667,1187.9333333333334,1203.6,1219.2666666666669,0.0
183,Deepak Nitrite Ltd.,Chemicals,DEEPAKNTR-EQ,19943,25131.0,2141.75,2156.5,2082.2,2100.45,1908.3999999999987,1951.8499999999995,1995.2999999999993,2038.7499999999995,2069.5999999999995,2113.0499999999997,2143.8999999999996,2187.35,2218.2,2249.05,2279.8999999999996,0.0
184,Escorts Kubota Ltd.,Capital Goods,ESCORTS-EQ,958,24950.0,3317.8,3318.0,3196.4,3206.3,2885.333333333334,2963.1000000000004,3040.8666666666672,3118.6333333333337,3162.466666666667,3240.2333333333336,3284.066666666667,3361.8333333333335,3405.666666666667,3449.5,3493.333333333334,0.0
185,Biocon Ltd.,Healthcare,BIOCON-EQ,11373,24774.0,265.15,269.75,264.25,266.9,253.11666666666656,255.89999999999986,258.6833333333333,261.46666666666664,264.1833333333333,266.96666666666664,269.6833333333333,272.46666666666664,275.1833333333333,277.89999999999986,280.61666666666656,0.0
186,Tata Chemicals Ltd.,Chemicals,TATACHEM-EQ,3405,24773.0,1036.0,1049.75,1011.7,1016.15,916.1666666666661,940.0499999999993,963.9333333333332,987.8166666666666,1001.9833333333331,1025.8666666666666,1040.033333333333,1063.9166666666665,1078.083333333333,1092.249999999999,1106.416666666666,0.0
187,Torrent Power Ltd.,Power,TORNTPOWER-EQ,13786,24530.0,736.95,747.75,729.1,732.9,684.4333333333334,695.5999999999999,706.7666666666668,717.9333333333334,725.4166666666667,736.5833333333334,744.0666666666667,755.2333333333333,762.7166666666667,770.1999999999998,777.6833333333334,0.0
188,GMR Airports Infrastructure Ltd.,Services,GMRINFRA-EQ,13528,24475.0,59.1,59.55,57.6,57.95,52.8666666666667,54.05000000000004,55.233333333333356,56.41666666666668,57.18333333333335,58.366666666666674,59.13333333333335,60.31666666666667,61.08333333333334,61.85000000000001,62.616666666666674,0.0
189,Bharat Heavy Electricals Ltd.,Capital Goods,BHEL-EQ,438,24391.0,127.3,131.2,125.95,126.65,112.88333333333333,116.14999999999998,119.41666666666666,122.68333333333334,124.66666666666666,127.93333333333332,129.91666666666663,133.1833333333333,135.16666666666663,137.14999999999992,139.13333333333327,0.0
190,Sona BLW Precision Forgings Ltd.,Automobile and Auto Components,SONACOMS-EQ,4684,24206.0,594.0,595.75,577.0,579.85,530.7999999999997,542.3499999999999,553.8999999999999,565.4499999999999,572.6499999999999,584.1999999999999,591.3999999999999,602.9499999999999,610.1499999999999,617.3499999999999,624.5499999999997,0.0
191,Bayer Cropscience Ltd.,Chemicals,BAYERCROP-EQ,17927,24196.0,5300.0,5318.65,5263.05,5287.7,5147.6500000000015,5176.500000000004,5205.350000000001,5234.200000000001,5260.950000000001,5289.8,5316.55,5345.4,5372.15,5398.9,5425.65,0.0
192,Delhivery Ltd.,Services,DELHIVERY-EQ,9599,24167.0,420.0,424.0,416.35,421.7,403.08333333333326,406.4,409.7166666666667,413.03333333333336,417.3666666666667,420.68333333333334,425.01666666666665,428.3333333333333,432.66666666666663,436.9999999999998,441.33333333333326,0.0
193,Syngene International Ltd.,Healthcare,SYNGENE-EQ,10243,23865.0,776.45,787.5,770.6,777.95,735.3333333333335,744.1500000000001,752.9666666666668,761.7833333333334,769.8666666666668,778.6833333333334,786.7666666666668,795.5833333333334,803.6666666666667,811.75,819.8333333333335,0.0
194,CRISIL Ltd.,Financial Services,CRISIL-EQ,757,23520.0,3860.0,3919.0,3837.9,3895.7,3698.699999999997,3733.499999999998,3768.299999999999,3803.0999999999995,3849.3999999999987,3884.1999999999994,3930.4999999999986,3965.2999999999993,4011.5999999999985,4057.899999999998,4104.199999999997,0.0
195,General Insurance Corporation of India,Financial Services,GICRE-EQ,277,23447.0,224.95,228.95,222.75,223.35,207.01666666666665,210.95000000000005,214.88333333333333,218.81666666666666,221.08333333333331,225.01666666666665,227.2833333333333,231.21666666666664,233.4833333333333,235.74999999999994,238.01666666666665,0.0
196,Coforge Ltd.,Information Technology,COFORGE-EQ,11543,23295.0,5236.95,5251.65,5077.55,5123.3,4674.283333333333,4775.100000000002,4875.916666666667,4976.733333333334,5050.016666666666,5150.833333333333,5224.116666666666,5324.9333333333325,5398.216666666665,5471.499999999998,5544.783333333331,0.0
197,Phoenix Mills Ltd.,Realty,PHOENIXLTD-EQ,14552,23235.0,1852.0,1876.85,1823.15,1849.75,1715.416666666667,1742.3500000000008,1769.2833333333338,1796.216666666667,1822.9833333333336,1849.9166666666667,1876.6833333333334,1903.6166666666666,1930.3833333333332,1957.1499999999992,1983.916666666667,0.0
198,J.K. Cement Ltd.,Construction Materials,JKCEMENT-EQ,13270,22590.0,3204.9,3215.25,3130.55,3145.3,2924.3500000000004,2975.9000000000005,3027.4500000000007,3079.0000000000005,3112.1500000000005,3163.7000000000003,3196.8500000000004,3248.4,3281.55,3314.699999999999,3347.8500000000004,0.0
199,Poonawalla Fincorp Ltd.,Financial Services,POONAWALLA-EQ,11403,22462.0,380.05,381.05,374.5,375.35,358.16666666666674,362.25,366.33333333333337,370.4166666666667,372.8833333333334,376.9666666666667,379.4333333333334,383.5166666666667,385.9833333333334,388.45000000000005,390.91666666666674,0.0
200,Glaxosmithkline Pharmaceuticals Ltd.,Healthcare,GLAXO-EQ,1153,22442.0,1528.4,1540.0,1501.25,1521.0,1424.25,1443.5,1462.75,1482.0,1501.5,1520.75,1540.25,1559.5,1579.0,1598.5,1618.0,0.0
201,Max Financial Services Ltd.,Financial Services,MFSL-EQ,2142,21914.0,923.8,927.5,900.0,906.25,835.0,851.25,867.5,883.75,895.0,911.25,922.5,938.75,950.0,961.25,972.5,0.0
